/*******************************************************************************
 * Size: 24 px
 * Bpp: 4
 * Opts: --bpp 4 --size 24 --no-compress --use-color-info --stride 1 --align 1 --font RobotoforLearning-Medium_0.ttf --range 32-126,48-57,65-90,97-122,1040-1071,1072-1103,1025,1105,160,169,174,176,177,215,247,8364,8381,8804,8805,8800 --format lvgl -o lv_font_roboto_24.c
 ******************************************************************************/

#ifdef __has_include
    #if __has_include("lvgl.h")
        #ifndef LV_LVGL_H_INCLUDE_SIMPLE
            #define LV_LVGL_H_INCLUDE_SIMPLE
        #endif
    #endif
#endif

#ifdef LV_LVGL_H_INCLUDE_SIMPLE
    #include "lvgl.h"
#else
    #include "lvgl/lvgl.h"
#endif



#ifndef LV_FONT_ROBOTO_24
#define LV_FONT_ROBOTO_24 1
#endif

#if LV_FONT_ROBOTO_24

/*-----------------
 *    BITMAPS
 *----------------*/

/*Store the image of the glyphs*/
static LV_ATTRIBUTE_LARGE_CONST const uint8_t glyph_bitmap[] = {
    /* U+0020 " " */

    /* U+0021 "!" */
    0x3f, 0xfc, 0x3f, 0xfb, 0x2f, 0xfb, 0x2f, 0xfa,
    0x2f, 0xfa, 0x1f, 0xfa, 0x1f, 0xf9, 0x1f, 0xf9,
    0xf, 0xf9, 0xf, 0xf8, 0xf, 0xf8, 0xf, 0xf7,
    0x1, 0x10, 0x0, 0x0, 0x1d, 0xf8, 0x4f, 0xfd,
    0xc, 0xf7,

    /* U+0022 "\"" */
    0xdf, 0x34, 0xfc, 0xdf, 0x34, 0xfb, 0xdf, 0x24,
    0xfa, 0xdf, 0x4, 0xf9, 0xdf, 0x4, 0xf7, 0xdd,
    0x4, 0xf6, 0x22, 0x0, 0x20,

    /* U+0023 "#" */
    0x0, 0x0, 0xf, 0xf0, 0x6, 0xf9, 0x0, 0x0,
    0x0, 0x2f, 0xd0, 0x8, 0xf6, 0x0, 0x0, 0x0,
    0x5f, 0xa0, 0xb, 0xf3, 0x0, 0x0, 0x0, 0x8f,
    0x70, 0xe, 0xf0, 0x0, 0x0, 0x0, 0xbf, 0x40,
    0x1f, 0xd0, 0x0, 0xf, 0xff, 0xff, 0xff, 0xff,
    0xff, 0xf3, 0xd, 0xee, 0xff, 0xee, 0xff, 0xee,
    0xe2, 0x0, 0x4, 0xfb, 0x0, 0xaf, 0x40, 0x0,
    0x0, 0x7, 0xf7, 0x0, 0xef, 0x10, 0x0, 0x0,
    0xa, 0xf4, 0x1, 0xfd, 0x0, 0x0, 0xce, 0xef,
    0xfe, 0xee, 0xff, 0xee, 0x40, 0xef, 0xff, 0xff,
    0xff, 0xff, 0xff, 0x50, 0x0, 0x4f, 0xb0, 0xa,
    0xf4, 0x0, 0x0, 0x0, 0x7f, 0x80, 0xd, 0xf1,
    0x0, 0x0, 0x0, 0x9f, 0x50, 0xf, 0xf0, 0x0,
    0x0, 0x0, 0xcf, 0x20, 0x3f, 0xc0, 0x0, 0x0,
    0x0, 0xff, 0x0, 0x6f, 0x90, 0x0, 0x0,

    /* U+0024 "$" */
    0x0, 0x0, 0xc, 0xf1, 0x0, 0x0, 0x0, 0x0,
    0xc, 0xf1, 0x0, 0x0, 0x0, 0x0, 0x3d, 0xf5,
    0x0, 0x0, 0x0, 0x5e, 0xff, 0xff, 0xf6, 0x0,
    0x5, 0xff, 0xff, 0xff, 0xff, 0x50, 0xe, 0xff,
    0x60, 0x7, 0xff, 0xe0, 0x1f, 0xfc, 0x0, 0x0,
    0xcf, 0xf3, 0x2f, 0xfb, 0x0, 0x0, 0x8f, 0xf5,
    0xf, 0xff, 0x20, 0x0, 0x0, 0x0, 0x8, 0xff,
    0xe7, 0x10, 0x0, 0x0, 0x0, 0xaf, 0xff, 0xfa,
    0x30, 0x0, 0x0, 0x5, 0xdf, 0xff, 0xf9, 0x0,
    0x0, 0x0, 0x3, 0x9f, 0xff, 0x90, 0x0, 0x0,
    0x0, 0x3, 0xef, 0xf2, 0x79, 0x90, 0x0, 0x0,
    0x8f, 0xf6, 0xbf, 0xf3, 0x0, 0x0, 0x7f, 0xf6,
    0x7f, 0xfb, 0x0, 0x1, 0xdf, 0xf4, 0x1e, 0xff,
    0xea, 0xae, 0xff, 0xc0, 0x3, 0xef, 0xff, 0xff,
    0xfc, 0x10, 0x0, 0x5, 0xaf, 0xf8, 0x40, 0x0,
    0x0, 0x0, 0xf, 0xd0, 0x0, 0x0, 0x0, 0x0,
    0xf, 0xd0, 0x0, 0x0,

    /* U+0025 "%" */
    0x5, 0xcf, 0xe9, 0x10, 0x0, 0x0, 0x0, 0x0,
    0x4f, 0xfc, 0xef, 0xd0, 0x0, 0x0, 0x0, 0x0,
    0xbf, 0x60, 0xc, 0xf4, 0x0, 0x3f, 0x60, 0x0,
    0xdf, 0x20, 0x9, 0xf6, 0x0, 0xdf, 0x10, 0x0,
    0xcf, 0x50, 0xc, 0xf4, 0x7, 0xf6, 0x0, 0x0,
    0x5f, 0xfc, 0xdf, 0xd0, 0x2f, 0xc0, 0x0, 0x0,
    0x5, 0xcf, 0xea, 0x10, 0xcf, 0x20, 0x0, 0x0,
    0x0, 0x0, 0x0, 0x7, 0xf8, 0x0, 0x0, 0x0,
    0x0, 0x0, 0x0, 0x2f, 0xd0, 0x0, 0x0, 0x0,
    0x0, 0x0, 0x0, 0xbf, 0x32, 0xae, 0xea, 0x10,
    0x0, 0x0, 0x6, 0xf9, 0x1e, 0xfd, 0xdf, 0xe1,
    0x0, 0x0, 0x1f, 0xe0, 0x7f, 0xa0, 0xb, 0xf7,
    0x0, 0x0, 0xbf, 0x40, 0xaf, 0x60, 0x6, 0xf9,
    0x0, 0x5, 0xfa, 0x0, 0x9f, 0x60, 0x6, 0xf9,
    0x0, 0xd, 0xe1, 0x0, 0x7f, 0xa0, 0xa, 0xf6,
    0x0, 0x0, 0x30, 0x0, 0x1e, 0xfd, 0xdf, 0xe0,
    0x0, 0x0, 0x0, 0x0, 0x2, 0xae, 0xeb, 0x20,

    /* U+0026 "&" */
    0x0, 0x7, 0xdf, 0xfb, 0x40, 0x0, 0x0, 0x0,
    0xa, 0xff, 0xff, 0xff, 0x50, 0x0, 0x0, 0x4,
    0xff, 0xd6, 0x6e, 0xfe, 0x0, 0x0, 0x0, 0x8f,
    0xf3, 0x0, 0x6f, 0xf1, 0x0, 0x0, 0x8, 0xff,
    0x20, 0x7, 0xff, 0x0, 0x0, 0x0, 0x4f, 0xf9,
    0x4, 0xff, 0x90, 0x0, 0x0, 0x0, 0xcf, 0xfb,
    0xff, 0xb0, 0x0, 0x0, 0x0, 0x2, 0xff, 0xff,
    0x80, 0x0, 0x0, 0x0, 0x0, 0x9f, 0xff, 0xe1,
    0x0, 0x3, 0x30, 0x0, 0xbf, 0xfc, 0xff, 0xd0,
    0x5, 0xff, 0x20, 0x7f, 0xf9, 0x9, 0xff, 0xb0,
    0x8f, 0xf0, 0xd, 0xff, 0x0, 0xb, 0xff, 0x9d,
    0xfd, 0x0, 0xff, 0xe0, 0x0, 0xd, 0xff, 0xff,
    0x70, 0xd, 0xff, 0x20, 0x0, 0x2e, 0xff, 0xe1,
    0x0, 0x6f, 0xfd, 0x41, 0x38, 0xff, 0xfe, 0x20,
    0x0, 0x9f, 0xff, 0xff, 0xff, 0xff, 0xfd, 0x10,
    0x0, 0x4b, 0xef, 0xfc, 0x81, 0x8f, 0xfc, 0x0,

    /* U+0027 "'" */
    0xf, 0xf2, 0xf, 0xf1, 0xf, 0xf0, 0xf, 0xf0,
    0xf, 0xe0, 0xf, 0xd0, 0x1, 0x10,

    /* U+0028 "(" */
    0x0, 0x0, 0x0, 0x0, 0x0, 0x0, 0xb9, 0x0,
    0x0, 0xcf, 0xb0, 0x0, 0xaf, 0xc0, 0x0, 0x4f,
    0xf2, 0x0, 0xd, 0xf9, 0x0, 0x4, 0xff, 0x20,
    0x0, 0xaf, 0xe0, 0x0, 0xe, 0xf9, 0x0, 0x2,
    0xff, 0x60, 0x0, 0x5f, 0xf4, 0x0, 0x6, 0xff,
    0x20, 0x0, 0x7f, 0xf1, 0x0, 0x7, 0xff, 0x10,
    0x0, 0x6f, 0xf2, 0x0, 0x5, 0xff, 0x40, 0x0,
    0x2f, 0xf5, 0x0, 0x0, 0xff, 0x90, 0x0, 0xb,
    0xfd, 0x0, 0x0, 0x5f, 0xf1, 0x0, 0x0, 0xef,
    0x70, 0x0, 0x6, 0xfe, 0x0, 0x0, 0xc, 0xfa,
    0x0, 0x0, 0x2e, 0xf8, 0x0, 0x0, 0x2d, 0xa0,
    0x0, 0x0, 0x2,

    /* U+0029 ")" */
    0x0, 0x0, 0x0, 0x3, 0xe3, 0x0, 0x0, 0x4f,
    0xf3, 0x0, 0x0, 0x7f, 0xe1, 0x0, 0x0, 0xcf,
    0xa0, 0x0, 0x3, 0xff, 0x30, 0x0, 0xd, 0xfa,
    0x0, 0x0, 0x7f, 0xf1, 0x0, 0x4, 0xff, 0x50,
    0x0, 0xf, 0xf9, 0x0, 0x0, 0xef, 0xb0, 0x0,
    0xd, 0xfd, 0x0, 0x0, 0xcf, 0xe0, 0x0, 0xb,
    0xfe, 0x0, 0x0, 0xcf, 0xd0, 0x0, 0xd, 0xfc,
    0x0, 0x0, 0xff, 0x90, 0x0, 0x2f, 0xf6, 0x0,
    0x6, 0xff, 0x20, 0x0, 0xbf, 0xc0, 0x0, 0x1f,
    0xf5, 0x0, 0x9, 0xfc, 0x0, 0x4, 0xff, 0x30,
    0x3, 0xef, 0x60, 0x0, 0x4f, 0x60, 0x0, 0x0,
    0x30, 0x0, 0x0,

    /* U+002A "*" */
    0x0, 0x0, 0xaf, 0x60, 0x0, 0x0, 0x0, 0x9,
    0xf5, 0x0, 0x0, 0x1, 0x0, 0x9f, 0x50, 0x1,
    0x4, 0xfb, 0x58, 0xf4, 0x5b, 0xe0, 0x7f, 0xff,
    0xff, 0xff, 0xff, 0x30, 0x5, 0xaf, 0xff, 0xa5,
    0x0, 0x0, 0xb, 0xff, 0xf3, 0x0, 0x0, 0x7,
    0xfd, 0x5f, 0xe1, 0x0, 0x3, 0xff, 0x30, 0xbf,
    0xb0, 0x0, 0x1a, 0x90, 0x1, 0xe6, 0x0, 0x0,
    0x0, 0x0, 0x0, 0x0, 0x0,

    /* U+002B "+" */
    0x0, 0x0, 0x5, 0x88, 0x0, 0x0, 0x0, 0x0,
    0x0, 0xbf, 0xf0, 0x0, 0x0, 0x0, 0x0, 0xb,
    0xff, 0x0, 0x0, 0x0, 0x0, 0x0, 0xbf, 0xf0,
    0x0, 0x0, 0x0, 0x0, 0xb, 0xff, 0x0, 0x0,
    0x1, 0x99, 0x99, 0xef, 0xfa, 0x99, 0x94, 0x3f,
    0xff, 0xff, 0xff, 0xff, 0xff, 0x83, 0xff, 0xff,
    0xff, 0xff, 0xff, 0xf8, 0x0, 0x0, 0xb, 0xff,
    0x0, 0x0, 0x0, 0x0, 0x0, 0xbf, 0xf0, 0x0,
    0x0, 0x0, 0x0, 0xb, 0xff, 0x0, 0x0, 0x0,
    0x0, 0x0, 0xbf, 0xf0, 0x0, 0x0, 0x0, 0x0,
    0xb, 0xff, 0x0, 0x0, 0x0,

    /* U+002C "," */
    0x7, 0xff, 0x10, 0x7f, 0xf1, 0x8, 0xff, 0x0,
    0xaf, 0xd0, 0xf, 0xf7, 0x7, 0xfd, 0x0, 0x6,
    0x10, 0x0,

    /* U+002D "-" */
    0x5, 0x55, 0x55, 0x42, 0xff, 0xff, 0xff, 0x2f,
    0xff, 0xff, 0xf0,

    /* U+002E "." */
    0x0, 0x10, 0x2e, 0xf8, 0x6f, 0xfd, 0x1d, 0xf6,

    /* U+002F "/" */
    0x0, 0x0, 0x0, 0x7f, 0xc0, 0x0, 0x0, 0xc,
    0xf7, 0x0, 0x0, 0x2, 0xff, 0x10, 0x0, 0x0,
    0x8f, 0xb0, 0x0, 0x0, 0xe, 0xf5, 0x0, 0x0,
    0x4, 0xff, 0x0, 0x0, 0x0, 0x9f, 0x90, 0x0,
    0x0, 0xf, 0xf4, 0x0, 0x0, 0x5, 0xfe, 0x0,
    0x0, 0x0, 0xbf, 0x80, 0x0, 0x0, 0x1f, 0xf2,
    0x0, 0x0, 0x6, 0xfc, 0x0, 0x0, 0x0, 0xcf,
    0x70, 0x0, 0x0, 0x2f, 0xf1, 0x0, 0x0, 0x8,
    0xfb, 0x0, 0x0, 0x0, 0xef, 0x50, 0x0, 0x0,
    0x3f, 0xf0, 0x0, 0x0, 0x9, 0xfa, 0x0, 0x0,
    0x0, 0x78, 0x20, 0x0, 0x0, 0x0,

    /* U+0030 "0" */
    0x0, 0x19, 0xdf, 0xfc, 0x60, 0x0, 0x2, 0xef,
    0xff, 0xff, 0xfb, 0x0, 0xc, 0xff, 0xa5, 0x6d,
    0xff, 0x60, 0x3f, 0xfb, 0x0, 0x1, 0xff, 0xd0,
    0x8f, 0xf4, 0x0, 0x0, 0xbf, 0xf2, 0xaf, 0xf2,
    0x0, 0x0, 0x8f, 0xf4, 0xbf, 0xf1, 0x0, 0x0,
    0x7f, 0xf6, 0xcf, 0xf1, 0x0, 0x0, 0x7f, 0xf6,
    0xcf, 0xf1, 0x0, 0x0, 0x7f, 0xf6, 0xcf, 0xf1,
    0x0, 0x0, 0x7f, 0xf6, 0xbf, 0xf1, 0x0, 0x0,
    0x7f, 0xf5, 0xaf, 0xf2, 0x0, 0x0, 0x8f, 0xf4,
    0x8f, 0xf5, 0x0, 0x0, 0xbf, 0xf2, 0x3f, 0xfb,
    0x0, 0x1, 0xff, 0xd0, 0xc, 0xff, 0xa5, 0x6d,
    0xff, 0x60, 0x2, 0xef, 0xff, 0xff, 0xfb, 0x0,
    0x0, 0x19, 0xdf, 0xfc, 0x60, 0x0,

    /* U+0031 "1" */
    0x0, 0x0, 0x3, 0x9e, 0x0, 0x0, 0x0, 0x27,
    0xdf, 0xff, 0x0, 0x0, 0xc, 0xff, 0xff, 0xff,
    0x0, 0x0, 0xf, 0xfe, 0x9e, 0xff, 0x0, 0x0,
    0xa, 0x40, 0xd, 0xff, 0x0, 0x0, 0x0, 0x0,
    0xd, 0xff, 0x0, 0x0, 0x0, 0x0, 0xd, 0xff,
    0x0, 0x0, 0x0, 0x0, 0xd, 0xff, 0x0, 0x0,
    0x0, 0x0, 0xd, 0xff, 0x0, 0x0, 0x0, 0x0,
    0xd, 0xff, 0x0, 0x0, 0x0, 0x0, 0xd, 0xff,
    0x0, 0x0, 0x0, 0x0, 0xd, 0xff, 0x0, 0x0,
    0x0, 0x0, 0xd, 0xff, 0x0, 0x0, 0x0, 0x0,
    0xd, 0xff, 0x0, 0x0, 0x4, 0x44, 0x4e, 0xff,
    0x44, 0x41, 0x1f, 0xff, 0xff, 0xff, 0xff, 0xf5,
    0x1f, 0xff, 0xff, 0xff, 0xff, 0xf5,

    /* U+0032 "2" */
    0x0, 0x2, 0x9d, 0xff, 0xc7, 0x0, 0x0, 0x6,
    0xff, 0xff, 0xff, 0xfc, 0x10, 0x3, 0xff, 0xf8,
    0x57, 0xef, 0xf9, 0x0, 0xbf, 0xf5, 0x0, 0x2,
    0xff, 0xf0, 0xf, 0xfe, 0x0, 0x0, 0xd, 0xff,
    0x0, 0x66, 0x40, 0x0, 0x0, 0xdf, 0xf0, 0x0,
    0x0, 0x0, 0x0, 0x3f, 0xfa, 0x0, 0x0, 0x0,
    0x0, 0xc, 0xff, 0x30, 0x0, 0x0, 0x0, 0x9,
    0xff, 0x80, 0x0, 0x0, 0x0, 0x8, 0xff, 0xb0,
    0x0, 0x0, 0x0, 0x7, 0xff, 0xc0, 0x0, 0x0,
    0x0, 0x6, 0xff, 0xd1, 0x0, 0x0, 0x0, 0x5,
    0xff, 0xd1, 0x0, 0x0, 0x0, 0x4, 0xff, 0xe1,
    0x0, 0x0, 0x0, 0x4, 0xff, 0xf6, 0x44, 0x44,
    0x44, 0x30, 0xbf, 0xff, 0xff, 0xff, 0xff, 0xfc,
    0xb, 0xff, 0xff, 0xff, 0xff, 0xff, 0xc0,

    /* U+0033 "3" */
    0x0, 0x4, 0xae, 0xfe, 0xc6, 0x0, 0x0, 0x9,
    0xff, 0xff, 0xff, 0xfb, 0x0, 0x5, 0xff, 0xe8,
    0x57, 0xef, 0xf8, 0x0, 0xcf, 0xf3, 0x0, 0x2,
    0xff, 0xd0, 0x6, 0x77, 0x0, 0x0, 0xe, 0xff,
    0x0, 0x0, 0x0, 0x0, 0x1, 0xff, 0xd0, 0x0,
    0x0, 0x0, 0x3, 0xbf, 0xf5, 0x0, 0x0, 0x6,
    0xff, 0xff, 0xe5, 0x0, 0x0, 0x0, 0x6f, 0xff,
    0xfd, 0x50, 0x0, 0x0, 0x1, 0x44, 0x7e, 0xff,
    0x60, 0x0, 0x0, 0x0, 0x0, 0x1e, 0xfe, 0x0,
    0x0, 0x0, 0x0, 0x0, 0xaf, 0xf2, 0xc, 0xca,
    0x0, 0x0, 0xa, 0xff, 0x30, 0xef, 0xf2, 0x0,
    0x1, 0xef, 0xf0, 0x7, 0xff, 0xe7, 0x56, 0xdf,
    0xf9, 0x0, 0xa, 0xff, 0xff, 0xff, 0xfb, 0x0,
    0x0, 0x5, 0xbe, 0xfe, 0xb6, 0x0, 0x0,

    /* U+0034 "4" */
    0x0, 0x0, 0x0, 0x0, 0x0, 0x0, 0x0, 0x0,
    0x0, 0x0, 0x7, 0xd6, 0x0, 0x0, 0x0, 0x0,
    0x0, 0x1f, 0xfb, 0x0, 0x0, 0x0, 0x0, 0x0,
    0xbf, 0xe1, 0x0, 0x0, 0x0, 0x0, 0x5, 0xff,
    0x50, 0x0, 0x0, 0x0, 0x0, 0xe, 0xfa, 0x0,
    0x0, 0x0, 0x0, 0x0, 0x9f, 0xe1, 0x33, 0x30,
    0x0, 0x0, 0x3, 0xff, 0x60, 0xef, 0xe0, 0x0,
    0x0, 0xd, 0xfc, 0x0, 0xef, 0xe0, 0x0, 0x0,
    0x7f, 0xf2, 0x0, 0xef, 0xe0, 0x0, 0x2, 0xff,
    0x80, 0x0, 0xef, 0xe0, 0x0, 0xb, 0xfd, 0x0,
    0x0, 0xef, 0xe0, 0x0, 0x4f, 0xff, 0xff, 0xff,
    0xff, 0xff, 0xf0, 0x5f, 0xff, 0xff, 0xff, 0xff,
    0xff, 0xf0, 0x14, 0x44, 0x44, 0x44, 0xff, 0xe4,
    0x40, 0x0, 0x0, 0x0, 0x0, 0xef, 0xe0, 0x0,
    0x0, 0x0, 0x0, 0x0, 0xef, 0xe0, 0x0, 0x0,
    0x0, 0x0, 0x0, 0xef, 0xe0, 0x0,

    /* U+0035 "5" */
    0x1, 0xff, 0xff, 0xff, 0xff, 0xf2, 0x3, 0xff,
    0xff, 0xff, 0xff, 0xf2, 0x4, 0xff, 0xa7, 0x77,
    0x77, 0x70, 0x6, 0xff, 0x30, 0x0, 0x0, 0x0,
    0x8, 0xff, 0x10, 0x0, 0x0, 0x0, 0xa, 0xff,
    0x2, 0x43, 0x0, 0x0, 0xb, 0xff, 0xef, 0xff,
    0xf7, 0x0, 0xd, 0xff, 0xff, 0xff, 0xff, 0x80,
    0x8, 0xcc, 0x30, 0x28, 0xff, 0xf1, 0x0, 0x0,
    0x0, 0x0, 0xaf, 0xf7, 0x0, 0x0, 0x0, 0x0,
    0x4f, 0xf9, 0x0, 0x0, 0x0, 0x0, 0x3f, 0xfa,
    0x5c, 0xc4, 0x0, 0x0, 0x5f, 0xf9, 0x3f, 0xfb,
    0x0, 0x0, 0xcf, 0xf5, 0xc, 0xff, 0xb5, 0x5b,
    0xff, 0xd0, 0x2, 0xdf, 0xff, 0xff, 0xfe, 0x30,
    0x0, 0x7, 0xdf, 0xfd, 0x81, 0x0,

    /* U+0036 "6" */
    0x0, 0x0, 0x7, 0xbe, 0xf2, 0x0, 0x0, 0x5,
    0xef, 0xff, 0xf2, 0x0, 0x0, 0x6f, 0xff, 0xc8,
    0x60, 0x0, 0x2, 0xff, 0xe4, 0x0, 0x0, 0x0,
    0xa, 0xff, 0x30, 0x0, 0x0, 0x0, 0x1f, 0xfa,
    0x2, 0x43, 0x0, 0x0, 0x4f, 0xf8, 0xcf, 0xff,
    0xf7, 0x0, 0x7f, 0xff, 0xff, 0xff, 0xff, 0x70,
    0x9f, 0xff, 0x71, 0x17, 0xff, 0xf1, 0x9f, 0xf7,
    0x0, 0x0, 0xaf, 0xf6, 0x9f, 0xf3, 0x0, 0x0,
    0x4f, 0xf9, 0x8f, 0xf5, 0x0, 0x0, 0x3f, 0xf9,
    0x5f, 0xf8, 0x0, 0x0, 0x5f, 0xf8, 0x1f, 0xfe,
    0x10, 0x0, 0xcf, 0xf4, 0x8, 0xff, 0xd6, 0x6c,
    0xff, 0xc0, 0x0, 0xaf, 0xff, 0xff, 0xfd, 0x10,
    0x0, 0x5, 0xcf, 0xfd, 0x80, 0x0,

    /* U+0037 "7" */
    0x3f, 0xff, 0xff, 0xff, 0xff, 0xff, 0xa3, 0xff,
    0xff, 0xff, 0xff, 0xff, 0xf9, 0x5, 0x55, 0x55,
    0x55, 0x5a, 0xff, 0x30, 0x0, 0x0, 0x0, 0x0,
    0xef, 0xc0, 0x0, 0x0, 0x0, 0x0, 0x5f, 0xf6,
    0x0, 0x0, 0x0, 0x0, 0xc, 0xfe, 0x0, 0x0,
    0x0, 0x0, 0x4, 0xff, 0x80, 0x0, 0x0, 0x4,
    0x44, 0xbf, 0xf6, 0x0, 0x0, 0x0, 0xef, 0xff,
    0xff, 0xf3, 0x0, 0x0, 0xe, 0xff, 0xff, 0xff,
    0x30, 0x0, 0x0, 0x2, 0xff, 0xc0, 0x0, 0x0,
    0x0, 0x0, 0x9f, 0xf4, 0x0, 0x0, 0x0, 0x0,
    0x1f, 0xfd, 0x0, 0x0, 0x0, 0x0, 0x8, 0xff,
    0x60, 0x0, 0x0, 0x0, 0x0, 0xff, 0xe0, 0x0,
    0x0, 0x0, 0x0, 0x7f, 0xf7, 0x0, 0x0, 0x0,
    0x0, 0xe, 0xff, 0x10, 0x0, 0x0, 0x0,

    /* U+0038 "8" */
    0x0, 0x29, 0xef, 0xfc, 0x70, 0x0, 0x4, 0xff,
    0xff, 0xff, 0xfd, 0x10, 0xe, 0xff, 0xa5, 0x6d,
    0xff, 0x90, 0x4f, 0xfb, 0x0, 0x1, 0xff, 0xe0,
    0x5f, 0xf7, 0x0, 0x0, 0xdf, 0xf0, 0x2f, 0xfb,
    0x0, 0x1, 0xff, 0xc0, 0xa, 0xff, 0xa5, 0x6d,
    0xff, 0x40, 0x0, 0x8f, 0xff, 0xff, 0xe4, 0x0,
    0x3, 0xdf, 0xff, 0xff, 0xf9, 0x0, 0x1e, 0xfe,
    0x50, 0x29, 0xff, 0x90, 0x7f, 0xf6, 0x0, 0x0,
    0xcf, 0xf1, 0xbf, 0xf2, 0x0, 0x0, 0x8f, 0xf5,
    0xbf, 0xf2, 0x0, 0x0, 0x8f, 0xf5, 0x9f, 0xf8,
    0x0, 0x0, 0xdf, 0xf3, 0x2f, 0xff, 0x95, 0x6c,
    0xff, 0xc0, 0x6, 0xff, 0xff, 0xff, 0xfd, 0x10,
    0x0, 0x2a, 0xef, 0xfc, 0x70, 0x0,

    /* U+0039 "9" */
    0x0, 0x29, 0xdf, 0xea, 0x20, 0x0, 0x4, 0xff,
    0xff, 0xff, 0xf5, 0x0, 0x1e, 0xff, 0xa5, 0x8f,
    0xff, 0x20, 0x7f, 0xf8, 0x0, 0x6, 0xff, 0x90,
    0xcf, 0xf1, 0x0, 0x0, 0xef, 0xe0, 0xef, 0xf0,
    0x0, 0x0, 0xbf, 0xf1, 0xdf, 0xf0, 0x0, 0x0,
    0xaf, 0xf3, 0xbf, 0xf5, 0x0, 0x0, 0xcf, 0xf3,
    0x5f, 0xfe, 0x40, 0x2b, 0xff, 0xf2, 0xb, 0xff,
    0xff, 0xff, 0xff, 0xf1, 0x0, 0x9f, 0xff, 0xe6,
    0xbf, 0xf0, 0x0, 0x0, 0x33, 0x0, 0xff, 0xb0,
    0x0, 0x0, 0x0, 0x6, 0xff, 0x50, 0x0, 0x0,
    0x0, 0x5f, 0xfd, 0x0, 0x0, 0x26, 0x8c, 0xff,
    0xf3, 0x0, 0x0, 0x7f, 0xff, 0xfe, 0x30, 0x0,
    0x0, 0x6f, 0xea, 0x60, 0x0, 0x0,

    /* U+003A ":" */
    0x1d, 0xf5, 0x6f, 0xfc, 0x2f, 0xf7, 0x0, 0x10,
    0x0, 0x0, 0x0, 0x0, 0x0, 0x0, 0x0, 0x0,
    0x0, 0x0, 0x0, 0x10, 0x2f, 0xf7, 0x6f, 0xfc,
    0x1d, 0xf6,

    /* U+003B ";" */
    0x4, 0xee, 0x30, 0xaf, 0xf8, 0x6, 0xff, 0x40,
    0x1, 0x10, 0x0, 0x0, 0x0, 0x0, 0x0, 0x0,
    0x0, 0x0, 0x0, 0x0, 0x0, 0x0, 0x0, 0x0,
    0x0, 0x3, 0xdd, 0x40, 0x4f, 0xf4, 0x4, 0xff,
    0x40, 0x7f, 0xf1, 0xb, 0xfb, 0x3, 0xff, 0x30,
    0x7, 0x50, 0x0,

    /* U+003C "<" */
    0x0, 0x0, 0x0, 0x0, 0x18, 0x70, 0x0, 0x0,
    0x2, 0xaf, 0xf8, 0x0, 0x0, 0x4b, 0xff, 0xff,
    0x80, 0x6, 0xdf, 0xff, 0xfa, 0x40, 0x2e, 0xff,
    0xfd, 0x71, 0x0, 0x4, 0xff, 0xf5, 0x0, 0x0,
    0x0, 0x3f, 0xff, 0xfb, 0x50, 0x0, 0x0, 0x17,
    0xef, 0xff, 0xe9, 0x30, 0x0, 0x0, 0x5c, 0xff,
    0xff, 0x70, 0x0, 0x0, 0x4, 0xbf, 0xf8, 0x0,
    0x0, 0x0, 0x0, 0x29, 0x80, 0x0, 0x0, 0x0,
    0x0, 0x0,

    /* U+003D "=" */
    0x16, 0x66, 0x66, 0x66, 0x66, 0x44, 0xff, 0xff,
    0xff, 0xff, 0xfc, 0x4f, 0xff, 0xff, 0xff, 0xff,
    0xc0, 0x0, 0x0, 0x0, 0x0, 0x0, 0x0, 0x0,
    0x0, 0x0, 0x0, 0x1, 0x55, 0x55, 0x55, 0x55,
    0x54, 0x4f, 0xff, 0xff, 0xff, 0xff, 0xc4, 0xff,
    0xff, 0xff, 0xff, 0xfc,

    /* U+003E ">" */
    0x78, 0x20, 0x0, 0x0, 0x0, 0x8, 0xff, 0xa4,
    0x0, 0x0, 0x0, 0x7f, 0xff, 0xfd, 0x60, 0x0,
    0x0, 0x39, 0xef, 0xff, 0xe8, 0x10, 0x0, 0x0,
    0x4a, 0xff, 0xff, 0x70, 0x0, 0x0, 0x2, 0xcf,
    0xfa, 0x0, 0x0, 0x4a, 0xff, 0xff, 0x80, 0x28,
    0xef, 0xff, 0xf9, 0x20, 0x6f, 0xff, 0xfe, 0x71,
    0x0, 0x8, 0xff, 0xc5, 0x0, 0x0, 0x0, 0x7a,
    0x30, 0x0, 0x0, 0x0, 0x0, 0x0, 0x0, 0x0,
    0x0, 0x0,

    /* U+003F "?" */
    0x0, 0x19, 0xdf, 0xfc, 0x60, 0x0, 0x3f, 0xff,
    0xff, 0xff, 0xb0, 0xd, 0xff, 0xc7, 0x8e, 0xff,
    0x62, 0xff, 0xc0, 0x0, 0x4f, 0xfa, 0x16, 0x63,
    0x0, 0x1, 0xff, 0xc0, 0x0, 0x0, 0x0, 0x4f,
    0xf9, 0x0, 0x0, 0x0, 0x1d, 0xff, 0x20, 0x0,
    0x0, 0x1d, 0xff, 0x70, 0x0, 0x0, 0xc, 0xff,
    0x80, 0x0, 0x0, 0x7, 0xff, 0x80, 0x0, 0x0,
    0x0, 0xcf, 0xf0, 0x0, 0x0, 0x0, 0xc, 0xec,
    0x0, 0x0, 0x0, 0x0, 0x0, 0x0, 0x0, 0x0,
    0x0, 0x0, 0x0, 0x0, 0x0, 0x0, 0x0, 0xbf,
    0xb0, 0x0, 0x0, 0x0, 0xf, 0xff, 0x10, 0x0,
    0x0, 0x0, 0xaf, 0xa0, 0x0, 0x0,

    /* U+0040 "@" */
    0x0, 0x0, 0x0, 0x39, 0xdf, 0xfe, 0xc8, 0x20,
    0x0, 0x0, 0x0, 0x0, 0x2b, 0xff, 0xfc, 0xcd,
    0xff, 0xf9, 0x0, 0x0, 0x0, 0x3, 0xff, 0xb4,
    0x0, 0x0, 0x5, 0xdf, 0xc0, 0x0, 0x0, 0x2f,
    0xf7, 0x0, 0x0, 0x0, 0x0, 0xa, 0xfa, 0x0,
    0x0, 0xdf, 0x70, 0x0, 0x0, 0x0, 0x0, 0x0,
    0xcf, 0x30, 0x6, 0xfc, 0x0, 0x0, 0x5c, 0xfd,
    0xa2, 0x0, 0x3f, 0xa0, 0xd, 0xf4, 0x0, 0x8,
    0xff, 0xdf, 0xff, 0x0, 0xd, 0xf0, 0x2f, 0xe0,
    0x0, 0x5f, 0xe3, 0x2, 0xfe, 0x0, 0xa, 0xf3,
    0x7f, 0xa0, 0x0, 0xdf, 0x60, 0x4, 0xfd, 0x0,
    0x7, 0xf5, 0xaf, 0x70, 0x3, 0xff, 0x0, 0x5,
    0xfc, 0x0, 0x7, 0xf6, 0xbf, 0x50, 0x7, 0xfc,
    0x0, 0x6, 0xfa, 0x0, 0x6, 0xf6, 0xcf, 0x40,
    0xa, 0xf9, 0x0, 0x8, 0xf9, 0x0, 0x8, 0xf5,
    0xcf, 0x40, 0xb, 0xf9, 0x0, 0x9, 0xf7, 0x0,
    0xb, 0xf2, 0xbf, 0x50, 0xb, 0xfa, 0x0, 0xe,
    0xf7, 0x0, 0x1f, 0xe0, 0x9f, 0x80, 0x7, 0xff,
    0x30, 0xaf, 0xf9, 0x0, 0xaf, 0x60, 0x5f, 0xc0,
    0x1, 0xff, 0xff, 0xf8, 0xff, 0xbd, 0xfb, 0x0,
    0x1f, 0xf3, 0x0, 0x3c, 0xfd, 0x50, 0x5d, 0xfd,
    0x70, 0x0, 0x9, 0xfc, 0x0, 0x0, 0x0, 0x0,
    0x0, 0x0, 0x0, 0x0, 0x1, 0xef, 0xa0, 0x0,
    0x0, 0x0, 0x0, 0x0, 0x0, 0x0, 0x0, 0x3f,
    0xfc, 0x50, 0x0, 0x0, 0x44, 0x0, 0x0, 0x0,
    0x0, 0x2, 0xcf, 0xff, 0xdd, 0xef, 0xfb, 0x0,
    0x0, 0x0, 0x0, 0x0, 0x4, 0x9d, 0xff, 0xec,
    0x82, 0x0, 0x0, 0x0,

    /* U+0041 "A" */
    0x0, 0x0, 0x0, 0x8f, 0xf8, 0x0, 0x0, 0x0,
    0x0, 0x0, 0x0, 0xef, 0xfe, 0x0, 0x0, 0x0,
    0x0, 0x0, 0x4, 0xff, 0xff, 0x40, 0x0, 0x0,
    0x0, 0x0, 0xa, 0xff, 0xff, 0xa0, 0x0, 0x0,
    0x0, 0x0, 0x1f, 0xfa, 0xbf, 0xf0, 0x0, 0x0,
    0x0, 0x0, 0x6f, 0xf4, 0x5f, 0xf6, 0x0, 0x0,
    0x0, 0x0, 0xcf, 0xe0, 0xf, 0xfc, 0x0, 0x0,
    0x0, 0x2, 0xff, 0x90, 0xa, 0xff, 0x20, 0x0,
    0x0, 0x9, 0xff, 0x40, 0x4, 0xff, 0x80, 0x0,
    0x0, 0xe, 0xfe, 0x0, 0x0, 0xef, 0xe0, 0x0,
    0x0, 0x5f, 0xfc, 0x66, 0x66, 0xcf, 0xf4, 0x0,
    0x0, 0xbf, 0xff, 0xff, 0xff, 0xff, 0xfa, 0x0,
    0x1, 0xff, 0xff, 0xff, 0xff, 0xff, 0xff, 0x10,
    0x7, 0xff, 0x70, 0x0, 0x0, 0x8, 0xff, 0x70,
    0xd, 0xff, 0x20, 0x0, 0x0, 0x3, 0xff, 0xd0,
    0x3f, 0xfc, 0x0, 0x0, 0x0, 0x0, 0xdf, 0xf3,
    0x9f, 0xf7, 0x0, 0x0, 0x0, 0x0, 0x7f, 0xf9,

    /* U+0042 "B" */
    0x4f, 0xff, 0xff, 0xff, 0xd9, 0x20, 0x4, 0xff,
    0xff, 0xff, 0xff, 0xff, 0x50, 0x4f, 0xfd, 0x66,
    0x68, 0xcf, 0xff, 0x14, 0xff, 0xb0, 0x0, 0x0,
    0xcf, 0xf6, 0x4f, 0xfb, 0x0, 0x0, 0x8, 0xff,
    0x74, 0xff, 0xb0, 0x0, 0x0, 0xaf, 0xf5, 0x4f,
    0xfb, 0x0, 0x1, 0x7f, 0xfd, 0x4, 0xff, 0xff,
    0xff, 0xff, 0xfb, 0x10, 0x4f, 0xff, 0xff, 0xff,
    0xff, 0xc3, 0x4, 0xff, 0xc3, 0x33, 0x47, 0xff,
    0xf2, 0x4f, 0xfb, 0x0, 0x0, 0x6, 0xff, 0xa4,
    0xff, 0xb0, 0x0, 0x0, 0x1f, 0xfd, 0x4f, 0xfb,
    0x0, 0x0, 0x2, 0xff, 0xd4, 0xff, 0xb0, 0x0,
    0x0, 0x8f, 0xfb, 0x4f, 0xfd, 0x66, 0x67, 0xbf,
    0xff, 0x44, 0xff, 0xff, 0xff, 0xff, 0xff, 0x80,
    0x4f, 0xff, 0xff, 0xff, 0xea, 0x30, 0x0,

    /* U+0043 "C" */
    0x0, 0x1, 0x7c, 0xef, 0xea, 0x40, 0x0, 0x0,
    0x3e, 0xff, 0xff, 0xff, 0xfa, 0x0, 0x2, 0xff,
    0xfc, 0x77, 0x9f, 0xff, 0x90, 0xc, 0xff, 0x80,
    0x0, 0x2, 0xff, 0xf2, 0x3f, 0xfd, 0x0, 0x0,
    0x0, 0x8f, 0xf8, 0x8f, 0xf7, 0x0, 0x0, 0x0,
    0x3b, 0xb8, 0xaf, 0xf4, 0x0, 0x0, 0x0, 0x0,
    0x0, 0xcf, 0xf3, 0x0, 0x0, 0x0, 0x0, 0x0,
    0xcf, 0xf2, 0x0, 0x0, 0x0, 0x0, 0x0, 0xcf,
    0xf2, 0x0, 0x0, 0x0, 0x0, 0x0, 0xaf, 0xf4,
    0x0, 0x0, 0x0, 0x0, 0x0, 0x8f, 0xf6, 0x0,
    0x0, 0x0, 0x3a, 0xa7, 0x3f, 0xfc, 0x0, 0x0,
    0x0, 0x8f, 0xf8, 0xd, 0xff, 0x70, 0x0, 0x2,
    0xff, 0xf3, 0x3, 0xff, 0xfb, 0x77, 0x9f, 0xff,
    0x90, 0x0, 0x4f, 0xff, 0xff, 0xff, 0xfa, 0x0,
    0x0, 0x1, 0x8c, 0xef, 0xea, 0x40, 0x0,

    /* U+0044 "D" */
    0x4f, 0xff, 0xff, 0xfd, 0x82, 0x0, 0x0, 0x4f,
    0xff, 0xff, 0xff, 0xff, 0x60, 0x0, 0x4f, 0xfd,
    0x66, 0x7b, 0xff, 0xf8, 0x0, 0x4f, 0xfb, 0x0,
    0x0, 0x3e, 0xff, 0x30, 0x4f, 0xfb, 0x0, 0x0,
    0x5, 0xff, 0xb0, 0x4f, 0xfb, 0x0, 0x0, 0x0,
    0xef, 0xf1, 0x4f, 0xfb, 0x0, 0x0, 0x0, 0xaf,
    0xf4, 0x4f, 0xfb, 0x0, 0x0, 0x0, 0x8f, 0xf6,
    0x4f, 0xfb, 0x0, 0x0, 0x0, 0x8f, 0xf7, 0x4f,
    0xfb, 0x0, 0x0, 0x0, 0x8f, 0xf6, 0x4f, 0xfb,
    0x0, 0x0, 0x0, 0xaf, 0xf4, 0x4f, 0xfb, 0x0,
    0x0, 0x0, 0xef, 0xf1, 0x4f, 0xfb, 0x0, 0x0,
    0x5, 0xff, 0xc0, 0x4f, 0xfb, 0x0, 0x0, 0x3e,
    0xff, 0x40, 0x4f, 0xfd, 0x66, 0x7b, 0xff, 0xf8,
    0x0, 0x4f, 0xff, 0xff, 0xff, 0xff, 0x70, 0x0,
    0x4f, 0xff, 0xff, 0xec, 0x71, 0x0, 0x0,

    /* U+0045 "E" */
    0x4f, 0xff, 0xff, 0xff, 0xff, 0xfd, 0x4f, 0xff,
    0xff, 0xff, 0xff, 0xfd, 0x4f, 0xfd, 0x66, 0x66,
    0x66, 0x65, 0x4f, 0xfb, 0x0, 0x0, 0x0, 0x0,
    0x4f, 0xfb, 0x0, 0x0, 0x0, 0x0, 0x4f, 0xfb,
    0x0, 0x0, 0x0, 0x0, 0x4f, 0xfb, 0x0, 0x0,
    0x0, 0x0, 0x4f, 0xff, 0xff, 0xff, 0xff, 0xb0,
    0x4f, 0xff, 0xff, 0xff, 0xff, 0xb0, 0x4f, 0xfc,
    0x55, 0x55, 0x55, 0x40, 0x4f, 0xfb, 0x0, 0x0,
    0x0, 0x0, 0x4f, 0xfb, 0x0, 0x0, 0x0, 0x0,
    0x4f, 0xfb, 0x0, 0x0, 0x0, 0x0, 0x4f, 0xfb,
    0x0, 0x0, 0x0, 0x0, 0x4f, 0xfd, 0x66, 0x66,
    0x66, 0x65, 0x4f, 0xff, 0xff, 0xff, 0xff, 0xfe,
    0x4f, 0xff, 0xff, 0xff, 0xff, 0xfe,

    /* U+0046 "F" */
    0x4f, 0xff, 0xff, 0xff, 0xff, 0xf9, 0x4f, 0xff,
    0xff, 0xff, 0xff, 0xf9, 0x4f, 0xfd, 0x66, 0x66,
    0x66, 0x63, 0x4f, 0xfb, 0x0, 0x0, 0x0, 0x0,
    0x4f, 0xfb, 0x0, 0x0, 0x0, 0x0, 0x4f, 0xfb,
    0x0, 0x0, 0x0, 0x0, 0x4f, 0xfb, 0x0, 0x0,
    0x0, 0x0, 0x4f, 0xfd, 0x66, 0x66, 0x66, 0x30,
    0x4f, 0xff, 0xff, 0xff, 0xff, 0x90, 0x4f, 0xff,
    0xff, 0xff, 0xff, 0x90, 0x4f, 0xfb, 0x0, 0x0,
    0x0, 0x0, 0x4f, 0xfb, 0x0, 0x0, 0x0, 0x0,
    0x4f, 0xfb, 0x0, 0x0, 0x0, 0x0, 0x4f, 0xfb,
    0x0, 0x0, 0x0, 0x0, 0x4f, 0xfb, 0x0, 0x0,
    0x0, 0x0, 0x4f, 0xfb, 0x0, 0x0, 0x0, 0x0,
    0x4f, 0xfb, 0x0, 0x0, 0x0, 0x0,

    /* U+0047 "G" */
    0x0, 0x1, 0x8c, 0xef, 0xeb, 0x60, 0x0, 0x0,
    0x4f, 0xff, 0xff, 0xff, 0xfc, 0x10, 0x3, 0xff,
    0xfc, 0x76, 0x8e, 0xff, 0xc0, 0xc, 0xff, 0x90,
    0x0, 0x1, 0xdf, 0xf5, 0x3f, 0xfd, 0x0, 0x0,
    0x0, 0x5f, 0xfa, 0x7f, 0xf8, 0x0, 0x0, 0x0,
    0x3, 0x32, 0xaf, 0xf5, 0x0, 0x0, 0x0, 0x0,
    0x0, 0xbf, 0xf3, 0x0, 0x0, 0x0, 0x0, 0x0,
    0xcf, 0xf3, 0x0, 0xa, 0xff, 0xff, 0xfd, 0xbf,
    0xf3, 0x0, 0xa, 0xff, 0xff, 0xfd, 0x9f, 0xf4,
    0x0, 0x2, 0x44, 0x5f, 0xfd, 0x7f, 0xf8, 0x0,
    0x0, 0x0, 0x2f, 0xfd, 0x2f, 0xfd, 0x0, 0x0,
    0x0, 0x3f, 0xfd, 0xb, 0xff, 0x80, 0x0, 0x0,
    0xbf, 0xfd, 0x1, 0xef, 0xfa, 0x42, 0x4b, 0xff,
    0xfd, 0x0, 0x2d, 0xff, 0xff, 0xff, 0xdf, 0xfd,
    0x0, 0x0, 0x5b, 0xef, 0xe8, 0x2f, 0xfd,

    /* U+0048 "H" */
    0x4f, 0xfb, 0x0, 0x0, 0x0, 0xa, 0xff, 0x44,
    0xff, 0xb0, 0x0, 0x0, 0x0, 0xaf, 0xf4, 0x4f,
    0xfb, 0x0, 0x0, 0x0, 0xa, 0xff, 0x44, 0xff,
    0xb0, 0x0, 0x0, 0x0, 0xaf, 0xf4, 0x4f, 0xfb,
    0x0, 0x0, 0x0, 0xa, 0xff, 0x44, 0xff, 0xb0,
    0x0, 0x0, 0x0, 0xaf, 0xf4, 0x4f, 0xfb, 0x0,
    0x0, 0x0, 0xa, 0xff, 0x44, 0xff, 0xff, 0xff,
    0xff, 0xff, 0xff, 0xf4, 0x4f, 0xff, 0xff, 0xff,
    0xff, 0xff, 0xff, 0x44, 0xff, 0xd6, 0x66, 0x66,
    0x66, 0xcf, 0xf4, 0x4f, 0xfb, 0x0, 0x0, 0x0,
    0xa, 0xff, 0x44, 0xff, 0xb0, 0x0, 0x0, 0x0,
    0xaf, 0xf4, 0x4f, 0xfb, 0x0, 0x0, 0x0, 0xa,
    0xff, 0x44, 0xff, 0xb0, 0x0, 0x0, 0x0, 0xaf,
    0xf4, 0x4f, 0xfb, 0x0, 0x0, 0x0, 0xa, 0xff,
    0x44, 0xff, 0xb0, 0x0, 0x0, 0x0, 0xaf, 0xf4,
    0x4f, 0xfb, 0x0, 0x0, 0x0, 0xa, 0xff, 0x40,

    /* U+0049 "I" */
    0x8f, 0xff, 0xff, 0x28, 0xff, 0xff, 0xf2, 0x26,
    0xff, 0xe5, 0x0, 0x1f, 0xfd, 0x0, 0x1, 0xff,
    0xd0, 0x0, 0x1f, 0xfd, 0x0, 0x1, 0xff, 0xd0,
    0x0, 0x1f, 0xfd, 0x0, 0x1, 0xff, 0xd0, 0x0,
    0x1f, 0xfd, 0x0, 0x1, 0xff, 0xd0, 0x0, 0x1f,
    0xfd, 0x0, 0x1, 0xff, 0xd0, 0x0, 0x1f, 0xfd,
    0x0, 0x26, 0xff, 0xe5, 0x8, 0xff, 0xff, 0xf2,
    0x8f, 0xff, 0xff, 0x20,

    /* U+004A "J" */
    0x0, 0x0, 0x0, 0x0, 0x4f, 0xfa, 0x0, 0x0,
    0x0, 0x0, 0x4f, 0xfa, 0x0, 0x0, 0x0, 0x0,
    0x4f, 0xfa, 0x0, 0x0, 0x0, 0x0, 0x4f, 0xfa,
    0x0, 0x0, 0x0, 0x0, 0x4f, 0xfa, 0x0, 0x0,
    0x0, 0x0, 0x4f, 0xfa, 0x0, 0x0, 0x0, 0x0,
    0x4f, 0xfa, 0x0, 0x0, 0x0, 0x0, 0x4f, 0xfa,
    0x0, 0x0, 0x0, 0x0, 0x4f, 0xfa, 0x0, 0x0,
    0x0, 0x0, 0x4f, 0xfa, 0x0, 0x0, 0x0, 0x0,
    0x4f, 0xfa, 0x0, 0x0, 0x0, 0x0, 0x4f, 0xfa,
    0x6f, 0xf8, 0x0, 0x0, 0x6f, 0xf9, 0x4f, 0xfd,
    0x0, 0x0, 0xcf, 0xf6, 0xd, 0xff, 0xd7, 0x7c,
    0xff, 0xe0, 0x3, 0xef, 0xff, 0xff, 0xfe, 0x30,
    0x0, 0x18, 0xdf, 0xfd, 0x91, 0x0,

    /* U+004B "K" */
    0x4f, 0xfb, 0x0, 0x0, 0x2, 0xef, 0xf7, 0x4,
    0xff, 0xb0, 0x0, 0x1, 0xdf, 0xfa, 0x0, 0x4f,
    0xfb, 0x0, 0x0, 0xbf, 0xfc, 0x0, 0x4, 0xff,
    0xb0, 0x0, 0x9f, 0xfe, 0x10, 0x0, 0x4f, 0xfb,
    0x0, 0x7f, 0xff, 0x20, 0x0, 0x4, 0xff, 0xb0,
    0x4f, 0xff, 0x40, 0x0, 0x0, 0x4f, 0xfb, 0x2f,
    0xff, 0x70, 0x0, 0x0, 0x4, 0xff, 0xcd, 0xff,
    0xc0, 0x0, 0x0, 0x0, 0x4f, 0xff, 0xff, 0xff,
    0x40, 0x0, 0x0, 0x4, 0xff, 0xff, 0xef, 0xfe,
    0x10, 0x0, 0x0, 0x4f, 0xff, 0xc0, 0xcf, 0xfa,
    0x0, 0x0, 0x4, 0xff, 0xd1, 0x1, 0xff, 0xf6,
    0x0, 0x0, 0x4f, 0xfb, 0x0, 0x5, 0xff, 0xf2,
    0x0, 0x4, 0xff, 0xb0, 0x0, 0xa, 0xff, 0xc0,
    0x0, 0x4f, 0xfb, 0x0, 0x0, 0x1e, 0xff, 0x80,
    0x4, 0xff, 0xb0, 0x0, 0x0, 0x4f, 0xff, 0x30,
    0x4f, 0xfb, 0x0, 0x0, 0x0, 0x9f, 0xfd, 0x0,

    /* U+004C "L" */
    0x4f, 0xfb, 0x0, 0x0, 0x0, 0x0, 0x4f, 0xfb,
    0x0, 0x0, 0x0, 0x0, 0x4f, 0xfb, 0x0, 0x0,
    0x0, 0x0, 0x4f, 0xfb, 0x0, 0x0, 0x0, 0x0,
    0x4f, 0xfb, 0x0, 0x0, 0x0, 0x0, 0x4f, 0xfb,
    0x0, 0x0, 0x0, 0x0, 0x4f, 0xfb, 0x0, 0x0,
    0x0, 0x0, 0x4f, 0xfb, 0x0, 0x0, 0x0, 0x0,
    0x4f, 0xfb, 0x0, 0x0, 0x0, 0x0, 0x4f, 0xfb,
    0x0, 0x0, 0x0, 0x0, 0x4f, 0xfb, 0x0, 0x0,
    0x0, 0x0, 0x4f, 0xfb, 0x0, 0x0, 0x0, 0x0,
    0x4f, 0xfb, 0x0, 0x0, 0x0, 0x0, 0x4f, 0xfb,
    0x0, 0x0, 0x0, 0x0, 0x4f, 0xfd, 0x66, 0x66,
    0x66, 0x62, 0x4f, 0xff, 0xff, 0xff, 0xff, 0xf7,
    0x4f, 0xff, 0xff, 0xff, 0xff, 0xf7,

    /* U+004D "M" */
    0x4f, 0xff, 0xc0, 0x0, 0x0, 0x0, 0x0, 0xcf,
    0xff, 0x44, 0xff, 0xff, 0x20, 0x0, 0x0, 0x0,
    0x2f, 0xff, 0xf4, 0x4f, 0xff, 0xf8, 0x0, 0x0,
    0x0, 0x8, 0xff, 0xff, 0x44, 0xff, 0xff, 0xe0,
    0x0, 0x0, 0x0, 0xef, 0xff, 0xf4, 0x4f, 0xfc,
    0xff, 0x40, 0x0, 0x0, 0x4f, 0xfc, 0xff, 0x44,
    0xff, 0x8f, 0xfa, 0x0, 0x0, 0xa, 0xfe, 0x8f,
    0xf4, 0x4f, 0xf7, 0x9f, 0xf1, 0x0, 0x1, 0xff,
    0x98, 0xff, 0x44, 0xff, 0x83, 0xff, 0x60, 0x0,
    0x6f, 0xf3, 0x8f, 0xf4, 0x4f, 0xf9, 0xd, 0xfc,
    0x0, 0xc, 0xfc, 0x9, 0xff, 0x44, 0xff, 0x90,
    0x7f, 0xf2, 0x2, 0xff, 0x60, 0xaf, 0xf4, 0x4f,
    0xfa, 0x1, 0xff, 0x80, 0x8f, 0xf1, 0xa, 0xff,
    0x44, 0xff, 0xa0, 0xb, 0xfe, 0xe, 0xfa, 0x0,
    0xbf, 0xf4, 0x4f, 0xfb, 0x0, 0x4f, 0xf9, 0xff,
    0x40, 0xb, 0xff, 0x44, 0xff, 0xb0, 0x0, 0xef,
    0xff, 0xe0, 0x0, 0xbf, 0xf4, 0x4f, 0xfb, 0x0,
    0x8, 0xff, 0xf8, 0x0, 0xb, 0xff, 0x44, 0xff,
    0xb0, 0x0, 0x2f, 0xff, 0x20, 0x0, 0xbf, 0xf4,
    0x4f, 0xfb, 0x0, 0x0, 0xcf, 0xb0, 0x0, 0xb,
    0xff, 0x40,

    /* U+004E "N" */
    0x4f, 0xfe, 0x10, 0x0, 0x0, 0xa, 0xff, 0x44,
    0xff, 0xfa, 0x0, 0x0, 0x0, 0xaf, 0xf4, 0x4f,
    0xff, 0xf4, 0x0, 0x0, 0xa, 0xff, 0x44, 0xff,
    0xff, 0xd0, 0x0, 0x0, 0xaf, 0xf4, 0x4f, 0xff,
    0xff, 0x80, 0x0, 0xa, 0xff, 0x44, 0xff, 0xce,
    0xff, 0x20, 0x0, 0xaf, 0xf4, 0x4f, 0xfb, 0x5f,
    0xfc, 0x0, 0xa, 0xff, 0x44, 0xff, 0xb0, 0xaf,
    0xf6, 0x0, 0xaf, 0xf4, 0x4f, 0xfb, 0x1, 0xff,
    0xf1, 0xa, 0xff, 0x44, 0xff, 0xb0, 0x6, 0xff,
    0xa0, 0xaf, 0xf4, 0x4f, 0xfb, 0x0, 0xc, 0xff,
    0x5a, 0xff, 0x44, 0xff, 0xb0, 0x0, 0x2f, 0xfe,
    0xbf, 0xf4, 0x4f, 0xfb, 0x0, 0x0, 0x8f, 0xff,
    0xff, 0x44, 0xff, 0xb0, 0x0, 0x0, 0xdf, 0xff,
    0xf4, 0x4f, 0xfb, 0x0, 0x0, 0x4, 0xff, 0xff,
    0x44, 0xff, 0xb0, 0x0, 0x0, 0xa, 0xff, 0xf4,
    0x4f, 0xfb, 0x0, 0x0, 0x0, 0x1e, 0xff, 0x40,

    /* U+004F "O" */
    0x0, 0x0, 0x6c, 0xef, 0xda, 0x30, 0x0, 0x0,
    0x2, 0xdf, 0xff, 0xff, 0xff, 0x90, 0x0, 0x1,
    0xef, 0xfe, 0x98, 0xaf, 0xff, 0x90, 0x0, 0xbf,
    0xfa, 0x0, 0x0, 0x3e, 0xff, 0x40, 0x2f, 0xfe,
    0x0, 0x0, 0x0, 0x5f, 0xfb, 0x7, 0xff, 0x80,
    0x0, 0x0, 0x0, 0xef, 0xf0, 0xaf, 0xf4, 0x0,
    0x0, 0x0, 0xb, 0xff, 0x3b, 0xff, 0x20, 0x0,
    0x0, 0x0, 0xaf, 0xf4, 0xcf, 0xf2, 0x0, 0x0,
    0x0, 0x9, 0xff, 0x5c, 0xff, 0x20, 0x0, 0x0,
    0x0, 0xaf, 0xf4, 0xaf, 0xf4, 0x0, 0x0, 0x0,
    0xb, 0xff, 0x37, 0xff, 0x80, 0x0, 0x0, 0x0,
    0xef, 0xf1, 0x2f, 0xfe, 0x0, 0x0, 0x0, 0x5f,
    0xfb, 0x0, 0xbf, 0xfa, 0x0, 0x0, 0x2e, 0xff,
    0x40, 0x1, 0xff, 0xfd, 0x87, 0xaf, 0xff, 0xa0,
    0x0, 0x2, 0xdf, 0xff, 0xff, 0xff, 0x90, 0x0,
    0x0, 0x0, 0x6c, 0xef, 0xda, 0x30, 0x0, 0x0,

    /* U+0050 "P" */
    0x4f, 0xff, 0xff, 0xff, 0xeb, 0x50, 0x0, 0x4f,
    0xff, 0xff, 0xff, 0xff, 0xfb, 0x0, 0x4f, 0xfd,
    0x66, 0x67, 0x9f, 0xff, 0xa0, 0x4f, 0xfb, 0x0,
    0x0, 0x2, 0xff, 0xf2, 0x4f, 0xfb, 0x0, 0x0,
    0x0, 0xaf, 0xf6, 0x4f, 0xfb, 0x0, 0x0, 0x0,
    0x8f, 0xf7, 0x4f, 0xfb, 0x0, 0x0, 0x0, 0xcf,
    0xf5, 0x4f, 0xfb, 0x0, 0x0, 0x2a, 0xff, 0xf0,
    0x4f, 0xff, 0xff, 0xff, 0xff, 0xff, 0x50, 0x4f,
    0xff, 0xff, 0xff, 0xff, 0xc4, 0x0, 0x4f, 0xfd,
    0x66, 0x65, 0x42, 0x0, 0x0, 0x4f, 0xfb, 0x0,
    0x0, 0x0, 0x0, 0x0, 0x4f, 0xfb, 0x0, 0x0,
    0x0, 0x0, 0x0, 0x4f, 0xfb, 0x0, 0x0, 0x0,
    0x0, 0x0, 0x4f, 0xfb, 0x0, 0x0, 0x0, 0x0,
    0x0, 0x4f, 0xfb, 0x0, 0x0, 0x0, 0x0, 0x0,
    0x4f, 0xfb, 0x0, 0x0, 0x0, 0x0, 0x0,

    /* U+0051 "Q" */
    0x0, 0x0, 0x6c, 0xef, 0xda, 0x30, 0x0, 0x0,
    0x0, 0x2d, 0xff, 0xff, 0xff, 0xf9, 0x0, 0x0,
    0x1, 0xef, 0xfe, 0x98, 0xaf, 0xff, 0x90, 0x0,
    0xb, 0xff, 0xa0, 0x0, 0x3, 0xef, 0xf4, 0x0,
    0x2f, 0xfe, 0x0, 0x0, 0x0, 0x5f, 0xfb, 0x0,
    0x7f, 0xf8, 0x0, 0x0, 0x0, 0xe, 0xff, 0x0,
    0xaf, 0xf4, 0x0, 0x0, 0x0, 0xb, 0xff, 0x30,
    0xbf, 0xf2, 0x0, 0x0, 0x0, 0xa, 0xff, 0x40,
    0xcf, 0xf2, 0x0, 0x0, 0x0, 0x9, 0xff, 0x50,
    0xcf, 0xf2, 0x0, 0x0, 0x0, 0xa, 0xff, 0x40,
    0xaf, 0xf4, 0x0, 0x0, 0x0, 0xb, 0xff, 0x30,
    0x7f, 0xf8, 0x0, 0x1, 0xd5, 0xf, 0xff, 0x0,
    0x2f, 0xfe, 0x0, 0xa, 0xff, 0xdf, 0xfb, 0x0,
    0xb, 0xff, 0xa0, 0x1, 0xaf, 0xff, 0xf4, 0x0,
    0x1, 0xff, 0xfd, 0x87, 0xaf, 0xff, 0xfd, 0x40,
    0x0, 0x2d, 0xff, 0xff, 0xff, 0xfc, 0xff, 0xd0,
    0x0, 0x0, 0x6c, 0xef, 0xea, 0x30, 0x3d, 0x40,
    0x0, 0x0, 0x0, 0x0, 0x0, 0x0, 0x0, 0x0,

    /* U+0052 "R" */
    0x4f, 0xff, 0xff, 0xff, 0xd9, 0x30, 0x0, 0x4f,
    0xff, 0xff, 0xff, 0xff, 0xf7, 0x0, 0x4f, 0xfd,
    0x66, 0x68, 0xcf, 0xff, 0x40, 0x4f, 0xfb, 0x0,
    0x0, 0xa, 0xff, 0xa0, 0x4f, 0xfb, 0x0, 0x0,
    0x2, 0xff, 0xd0, 0x4f, 0xfb, 0x0, 0x0, 0x1,
    0xff, 0xd0, 0x4f, 0xfb, 0x0, 0x0, 0x6, 0xff,
    0xb0, 0x4f, 0xfb, 0x0, 0x1, 0x6f, 0xff, 0x40,
    0x4f, 0xff, 0xff, 0xff, 0xff, 0xf8, 0x0, 0x4f,
    0xff, 0xff, 0xff, 0xff, 0x40, 0x0, 0x4f, 0xfd,
    0x66, 0x6e, 0xff, 0x30, 0x0, 0x4f, 0xfb, 0x0,
    0x6, 0xff, 0xb0, 0x0, 0x4f, 0xfb, 0x0, 0x0,
    0xef, 0xf3, 0x0, 0x4f, 0xfb, 0x0, 0x0, 0x6f,
    0xfc, 0x0, 0x4f, 0xfb, 0x0, 0x0, 0xd, 0xff,
    0x40, 0x4f, 0xfb, 0x0, 0x0, 0x5, 0xff, 0xc0,
    0x4f, 0xfb, 0x0, 0x0, 0x0, 0xdf, 0xf5,

    /* U+0053 "S" */
    0x0, 0x1, 0x7c, 0xef, 0xeb, 0x50, 0x0, 0x0,
    0x3e, 0xff, 0xff, 0xff, 0xfc, 0x10, 0x1, 0xef,
    0xfd, 0x86, 0x8e, 0xff, 0xc0, 0x7, 0xff, 0xb0,
    0x0, 0x0, 0xdf, 0xf4, 0x9, 0xff, 0x60, 0x0,
    0x0, 0x7f, 0xf8, 0x7, 0xff, 0xa0, 0x0, 0x0,
    0x1, 0x11, 0x1, 0xff, 0xfa, 0x30, 0x0, 0x0,
    0x0, 0x0, 0x4f, 0xff, 0xfd, 0x82, 0x0, 0x0,
    0x0, 0x2, 0xaf, 0xff, 0xff, 0xb3, 0x0, 0x0,
    0x0, 0x1, 0x6b, 0xff, 0xff, 0x50, 0x0, 0x0,
    0x0, 0x0, 0x18, 0xff, 0xf2, 0x4, 0x43, 0x0,
    0x0, 0x0, 0x9f, 0xf7, 0xf, 0xff, 0x0, 0x0,
    0x0, 0x6f, 0xf9, 0xc, 0xff, 0x70, 0x0, 0x0,
    0xbf, 0xf7, 0x3, 0xff, 0xfc, 0x76, 0x7c, 0xff,
    0xf2, 0x0, 0x4e, 0xff, 0xff, 0xff, 0xff, 0x50,
    0x0, 0x0, 0x7b, 0xef, 0xfc, 0x81, 0x0,

    /* U+0054 "T" */
    0x7f, 0xff, 0xff, 0xff, 0xff, 0xff, 0xff, 0x17,
    0xff, 0xff, 0xff, 0xff, 0xff, 0xff, 0xf1, 0x36,
    0x66, 0x68, 0xff, 0xd6, 0x66, 0x66, 0x0, 0x0,
    0x0, 0x3f, 0xfc, 0x0, 0x0, 0x0, 0x0, 0x0,
    0x3, 0xff, 0xc0, 0x0, 0x0, 0x0, 0x0, 0x0,
    0x3f, 0xfc, 0x0, 0x0, 0x0, 0x0, 0x0, 0x3,
    0xff, 0xc0, 0x0, 0x0, 0x0, 0x0, 0x0, 0x3f,
    0xfc, 0x0, 0x0, 0x0, 0x0, 0x0, 0x3, 0xff,
    0xc0, 0x0, 0x0, 0x0, 0x0, 0x0, 0x3f, 0xfc,
    0x0, 0x0, 0x0, 0x0, 0x0, 0x3, 0xff, 0xc0,
    0x0, 0x0, 0x0, 0x0, 0x0, 0x3f, 0xfc, 0x0,
    0x0, 0x0, 0x0, 0x0, 0x3, 0xff, 0xc0, 0x0,
    0x0, 0x0, 0x0, 0x0, 0x3f, 0xfc, 0x0, 0x0,
    0x0, 0x0, 0x0, 0x3, 0xff, 0xc0, 0x0, 0x0,
    0x0, 0x0, 0x0, 0x3f, 0xfc, 0x0, 0x0, 0x0,
    0x0, 0x0, 0x3, 0xff, 0xc0, 0x0, 0x0, 0x0,

    /* U+0055 "U" */
    0x8f, 0xf6, 0x0, 0x0, 0x0, 0xbf, 0xf3, 0x8f,
    0xf6, 0x0, 0x0, 0x0, 0xbf, 0xf3, 0x8f, 0xf6,
    0x0, 0x0, 0x0, 0xbf, 0xf3, 0x8f, 0xf6, 0x0,
    0x0, 0x0, 0xbf, 0xf3, 0x8f, 0xf6, 0x0, 0x0,
    0x0, 0xbf, 0xf3, 0x8f, 0xf6, 0x0, 0x0, 0x0,
    0xbf, 0xf3, 0x8f, 0xf6, 0x0, 0x0, 0x0, 0xbf,
    0xf3, 0x8f, 0xf6, 0x0, 0x0, 0x0, 0xbf, 0xf3,
    0x8f, 0xf6, 0x0, 0x0, 0x0, 0xbf, 0xf3, 0x8f,
    0xf6, 0x0, 0x0, 0x0, 0xbf, 0xf3, 0x8f, 0xf6,
    0x0, 0x0, 0x0, 0xbf, 0xf3, 0x8f, 0xf7, 0x0,
    0x0, 0x0, 0xcf, 0xf3, 0x6f, 0xfa, 0x0, 0x0,
    0x0, 0xff, 0xf1, 0x2f, 0xff, 0x30, 0x0, 0x7,
    0xff, 0xc0, 0x9, 0xff, 0xf9, 0x67, 0xbf, 0xff,
    0x40, 0x0, 0xaf, 0xff, 0xff, 0xff, 0xf6, 0x0,
    0x0, 0x4, 0xae, 0xff, 0xd9, 0x20, 0x0,

    /* U+0056 "V" */
    0x9f, 0xf9, 0x0, 0x0, 0x0, 0x1, 0xff, 0xf2,
    0x3f, 0xfe, 0x0, 0x0, 0x0, 0x6, 0xff, 0xc0,
    0xe, 0xff, 0x40, 0x0, 0x0, 0xb, 0xff, 0x70,
    0x8, 0xff, 0x90, 0x0, 0x0, 0x1f, 0xff, 0x10,
    0x2, 0xff, 0xe0, 0x0, 0x0, 0x5f, 0xfb, 0x0,
    0x0, 0xcf, 0xf3, 0x0, 0x0, 0xbf, 0xf5, 0x0,
    0x0, 0x7f, 0xf8, 0x0, 0x0, 0xff, 0xf0, 0x0,
    0x0, 0x1f, 0xfd, 0x0, 0x5, 0xff, 0xa0, 0x0,
    0x0, 0xb, 0xff, 0x20, 0xa, 0xff, 0x40, 0x0,
    0x0, 0x5, 0xff, 0x70, 0xf, 0xfe, 0x0, 0x0,
    0x0, 0x0, 0xff, 0xc0, 0x4f, 0xf8, 0x0, 0x0,
    0x0, 0x0, 0xaf, 0xf2, 0xaf, 0xf3, 0x0, 0x0,
    0x0, 0x0, 0x4f, 0xf7, 0xef, 0xd0, 0x0, 0x0,
    0x0, 0x0, 0xe, 0xff, 0xff, 0x70, 0x0, 0x0,
    0x0, 0x0, 0x9, 0xff, 0xff, 0x10, 0x0, 0x0,
    0x0, 0x0, 0x3, 0xff, 0xfb, 0x0, 0x0, 0x0,
    0x0, 0x0, 0x0, 0xdf, 0xf6, 0x0, 0x0, 0x0,

    /* U+0057 "W" */
    0x5f, 0xf9, 0x0, 0x0, 0xb, 0xff, 0x0, 0x0,
    0x5, 0xff, 0x91, 0xff, 0xc0, 0x0, 0x0, 0xff,
    0xf4, 0x0, 0x0, 0x8f, 0xf5, 0xd, 0xff, 0x0,
    0x0, 0x3f, 0xff, 0x80, 0x0, 0xc, 0xff, 0x10,
    0xaf, 0xf3, 0x0, 0x7, 0xff, 0xfc, 0x0, 0x0,
    0xff, 0xe0, 0x6, 0xff, 0x60, 0x0, 0xbf, 0xff,
    0xf0, 0x0, 0x2f, 0xfa, 0x0, 0x2f, 0xfa, 0x0,
    0xf, 0xf8, 0xff, 0x40, 0x5, 0xff, 0x60, 0x0,
    0xef, 0xd0, 0x4, 0xff, 0x2d, 0xf8, 0x0, 0x9f,
    0xf2, 0x0, 0xb, 0xff, 0x10, 0x8f, 0xe0, 0x9f,
    0xc0, 0xc, 0xff, 0x0, 0x0, 0x7f, 0xf4, 0xc,
    0xf9, 0x4, 0xff, 0x0, 0xff, 0xb0, 0x0, 0x3,
    0xff, 0x70, 0xff, 0x50, 0xf, 0xf4, 0x2f, 0xf7,
    0x0, 0x0, 0xf, 0xfa, 0x4f, 0xf1, 0x0, 0xcf,
    0x86, 0xff, 0x40, 0x0, 0x0, 0xcf, 0xe8, 0xfd,
    0x0, 0x8, 0xfc, 0x9f, 0xf0, 0x0, 0x0, 0x8,
    0xff, 0xdf, 0x80, 0x0, 0x4f, 0xfd, 0xfc, 0x0,
    0x0, 0x0, 0x5f, 0xff, 0xf4, 0x0, 0x0, 0xff,
    0xff, 0x80, 0x0, 0x0, 0x1, 0xff, 0xff, 0x0,
    0x0, 0xb, 0xff, 0xf5, 0x0, 0x0, 0x0, 0xd,
    0xff, 0xb0, 0x0, 0x0, 0x7f, 0xff, 0x10, 0x0,
    0x0, 0x0, 0x9f, 0xf7, 0x0, 0x0, 0x3, 0xff,
    0xd0, 0x0, 0x0,

    /* U+0058 "X" */
    0x2f, 0xff, 0x40, 0x0, 0x0, 0x2f, 0xff, 0x40,
    0x7f, 0xfd, 0x0, 0x0, 0xa, 0xff, 0xb0, 0x0,
    0xdf, 0xf7, 0x0, 0x4, 0xff, 0xf1, 0x0, 0x4,
    0xff, 0xf1, 0x0, 0xdf, 0xf7, 0x0, 0x0, 0xa,
    0xff, 0x90, 0x6f, 0xfd, 0x0, 0x0, 0x0, 0x1f,
    0xff, 0x4e, 0xff, 0x40, 0x0, 0x0, 0x0, 0x6f,
    0xff, 0xff, 0xa0, 0x0, 0x0, 0x0, 0x0, 0xcf,
    0xff, 0xe1, 0x0, 0x0, 0x0, 0x0, 0x6, 0xff,
    0xf9, 0x0, 0x0, 0x0, 0x0, 0x0, 0xdf, 0xff,
    0xf2, 0x0, 0x0, 0x0, 0x0, 0x8f, 0xff, 0xff,
    0xb0, 0x0, 0x0, 0x0, 0x2f, 0xff, 0x3e, 0xff,
    0x50, 0x0, 0x0, 0xb, 0xff, 0x90, 0x5f, 0xfe,
    0x0, 0x0, 0x5, 0xff, 0xe1, 0x0, 0xcf, 0xf9,
    0x0, 0x1, 0xef, 0xf6, 0x0, 0x3, 0xff, 0xf3,
    0x0, 0x9f, 0xfc, 0x0, 0x0, 0x9, 0xff, 0xc0,
    0x3f, 0xff, 0x30, 0x0, 0x0, 0x1e, 0xff, 0x60,

    /* U+0059 "Y" */
    0xaf, 0xf9, 0x0, 0x0, 0x0, 0x1f, 0xff, 0x32,
    0xff, 0xf1, 0x0, 0x0, 0x7, 0xff, 0xb0, 0x9,
    0xff, 0x90, 0x0, 0x0, 0xef, 0xf3, 0x0, 0x1f,
    0xff, 0x10, 0x0, 0x7f, 0xfa, 0x0, 0x0, 0x8f,
    0xf8, 0x0, 0xe, 0xff, 0x20, 0x0, 0x0, 0xef,
    0xf1, 0x6, 0xff, 0x90, 0x0, 0x0, 0x7, 0xff,
    0x80, 0xef, 0xf1, 0x0, 0x0, 0x0, 0xe, 0xfe,
    0x7f, 0xf8, 0x0, 0x0, 0x0, 0x0, 0x6f, 0xff,
    0xfe, 0x0, 0x0, 0x0, 0x0, 0x0, 0xdf, 0xff,
    0x70, 0x0, 0x0, 0x0, 0x0, 0x5, 0xff, 0xe0,
    0x0, 0x0, 0x0, 0x0, 0x0, 0x3f, 0xfc, 0x0,
    0x0, 0x0, 0x0, 0x0, 0x3, 0xff, 0xc0, 0x0,
    0x0, 0x0, 0x0, 0x0, 0x3f, 0xfc, 0x0, 0x0,
    0x0, 0x0, 0x0, 0x3, 0xff, 0xc0, 0x0, 0x0,
    0x0, 0x0, 0x0, 0x3f, 0xfc, 0x0, 0x0, 0x0,
    0x0, 0x0, 0x3, 0xff, 0xc0, 0x0, 0x0, 0x0,

    /* U+005A "Z" */
    0xf, 0xff, 0xff, 0xff, 0xff, 0xff, 0xf5, 0xf,
    0xff, 0xff, 0xff, 0xff, 0xff, 0xf5, 0x6, 0x66,
    0x66, 0x66, 0x6a, 0xff, 0xe0, 0x0, 0x0, 0x0,
    0x0, 0x1e, 0xff, 0x40, 0x0, 0x0, 0x0, 0x0,
    0xbf, 0xf8, 0x0, 0x0, 0x0, 0x0, 0x6, 0xff,
    0xd0, 0x0, 0x0, 0x0, 0x0, 0x2f, 0xff, 0x20,
    0x0, 0x0, 0x0, 0x0, 0xcf, 0xf7, 0x0, 0x0,
    0x0, 0x0, 0x7, 0xff, 0xc0, 0x0, 0x0, 0x0,
    0x0, 0x3f, 0xff, 0x20, 0x0, 0x0, 0x0, 0x0,
    0xdf, 0xf6, 0x0, 0x0, 0x0, 0x0, 0x9, 0xff,
    0xb0, 0x0, 0x0, 0x0, 0x0, 0x4f, 0xfe, 0x10,
    0x0, 0x0, 0x0, 0x1, 0xef, 0xf4, 0x0, 0x0,
    0x0, 0x0, 0xa, 0xff, 0xd6, 0x66, 0x66, 0x66,
    0x63, 0xf, 0xff, 0xff, 0xff, 0xff, 0xff, 0xfa,
    0x1f, 0xff, 0xff, 0xff, 0xff, 0xff, 0xfa,

    /* U+005B "[" */
    0x13, 0x33, 0x31, 0x7f, 0xff, 0xf5, 0x7f, 0xff,
    0xf5, 0x7f, 0xf6, 0x0, 0x7f, 0xf6, 0x0, 0x7f,
    0xf6, 0x0, 0x7f, 0xf6, 0x0, 0x7f, 0xf6, 0x0,
    0x7f, 0xf6, 0x0, 0x7f, 0xf6, 0x0, 0x7f, 0xf6,
    0x0, 0x7f, 0xf6, 0x0, 0x7f, 0xf6, 0x0, 0x7f,
    0xf6, 0x0, 0x7f, 0xf6, 0x0, 0x7f, 0xf6, 0x0,
    0x7f, 0xf6, 0x0, 0x7f, 0xf6, 0x0, 0x7f, 0xf6,
    0x0, 0x7f, 0xf6, 0x0, 0x7f, 0xf6, 0x0, 0x7f,
    0xf8, 0x31, 0x7f, 0xff, 0xf5, 0x7f, 0xff, 0xf5,

    /* U+005C "\\" */
    0x9f, 0xf3, 0x0, 0x0, 0x0, 0x3, 0xff, 0x90,
    0x0, 0x0, 0x0, 0xc, 0xff, 0x0, 0x0, 0x0,
    0x0, 0x6f, 0xf6, 0x0, 0x0, 0x0, 0x1, 0xff,
    0xc0, 0x0, 0x0, 0x0, 0xa, 0xff, 0x20, 0x0,
    0x0, 0x0, 0x4f, 0xf8, 0x0, 0x0, 0x0, 0x0,
    0xdf, 0xe0, 0x0, 0x0, 0x0, 0x7, 0xff, 0x50,
    0x0, 0x0, 0x0, 0x1f, 0xfb, 0x0, 0x0, 0x0,
    0x0, 0xbf, 0xf1, 0x0, 0x0, 0x0, 0x5, 0xff,
    0x70, 0x0, 0x0, 0x0, 0xe, 0xfd, 0x0, 0x0,
    0x0, 0x0, 0x9f, 0xf3, 0x0, 0x0, 0x0, 0x2,
    0xff, 0xa0, 0x0, 0x0, 0x0, 0xc, 0xff, 0x0,
    0x0, 0x0, 0x0, 0x6f, 0xf6, 0x0, 0x0, 0x0,
    0x0, 0xff, 0xc0, 0x0, 0x0, 0x0, 0x5, 0x87,
    0x0,

    /* U+005D "]" */
    0x33, 0x33, 0x3d, 0xff, 0xff, 0xdf, 0xff, 0xf0,
    0xe, 0xff, 0x0, 0xef, 0xf0, 0xe, 0xff, 0x0,
    0xef, 0xf0, 0xe, 0xff, 0x0, 0xef, 0xf0, 0xe,
    0xff, 0x0, 0xef, 0xf0, 0xe, 0xff, 0x0, 0xef,
    0xf0, 0xe, 0xff, 0x0, 0xef, 0xf0, 0xe, 0xff,
    0x0, 0xef, 0xf0, 0xe, 0xff, 0x0, 0xef, 0xf0,
    0xe, 0xff, 0x0, 0xef, 0xf3, 0x3e, 0xff, 0xdf,
    0xff, 0xfd, 0xff, 0xff,

    /* U+005E "^" */
    0x0, 0x0, 0x78, 0x10, 0x0, 0x0, 0x4, 0xff,
    0x80, 0x0, 0x0, 0xb, 0xff, 0xe0, 0x0, 0x0,
    0x1f, 0xfe, 0xf5, 0x0, 0x0, 0x8f, 0xc8, 0xfc,
    0x0, 0x0, 0xef, 0x62, 0xff, 0x20, 0x5, 0xff,
    0x0, 0xbf, 0x90, 0xc, 0xf9, 0x0, 0x5f, 0xf0,
    0x2f, 0xf3, 0x0, 0xf, 0xf6,

    /* U+005F "_" */
    0x34, 0x44, 0x44, 0x44, 0x44, 0x3f, 0xff, 0xff,
    0xff, 0xff, 0xfc, 0xff, 0xff, 0xff, 0xff, 0xff,
    0xc0,

    /* U+0060 "`" */
    0x17, 0x87, 0x0, 0x0, 0x8f, 0xf7, 0x0, 0x0,
    0x9f, 0xf2, 0x0, 0x0, 0xbf, 0xc0,

    /* U+0061 "a" */
    0x0, 0x4b, 0xff, 0xb2, 0x8f, 0xf0, 0x0, 0x6f,
    0xff, 0xff, 0xec, 0xff, 0x0, 0x1f, 0xff, 0x95,
    0x7e, 0xff, 0xf0, 0x8, 0xff, 0x90, 0x0, 0x2f,
    0xff, 0x0, 0xcf, 0xf2, 0x0, 0x0, 0xef, 0xf0,
    0xe, 0xff, 0x0, 0x0, 0xe, 0xff, 0x0, 0xff,
    0xd0, 0x0, 0x0, 0xef, 0xf0, 0xf, 0xfe, 0x0,
    0x0, 0xe, 0xff, 0x0, 0xdf, 0xf1, 0x0, 0x0,
    0xef, 0xf0, 0x9, 0xff, 0x90, 0x0, 0x3f, 0xff,
    0x0, 0x3f, 0xff, 0xb7, 0x9f, 0xff, 0xf9, 0x10,
    0x7f, 0xff, 0xff, 0xe8, 0xff, 0xf4, 0x0, 0x5c,
    0xff, 0xb2, 0x8, 0xfe, 0x40,

    /* U+0062 "b" */
    0x8f, 0xf4, 0x0, 0x0, 0x0, 0x0, 0x8f, 0xf4,
    0x0, 0x0, 0x0, 0x0, 0x8f, 0xf4, 0x0, 0x0,
    0x0, 0x0, 0x8f, 0xf4, 0x0, 0x0, 0x0, 0x0,
    0x8f, 0xf4, 0x0, 0x0, 0x0, 0x0, 0x8f, 0xf5,
    0x7d, 0xfe, 0x91, 0x0, 0x8f, 0xfe, 0xff, 0xff,
    0xfe, 0x20, 0x8f, 0xff, 0xb6, 0x6d, 0xff, 0xb0,
    0x8f, 0xf9, 0x0, 0x0, 0xef, 0xf2, 0x8f, 0xf4,
    0x0, 0x0, 0x8f, 0xf6, 0x8f, 0xf4, 0x0, 0x0,
    0x5f, 0xf8, 0x8f, 0xf4, 0x0, 0x0, 0x4f, 0xf9,
    0x8f, 0xf4, 0x0, 0x0, 0x5f, 0xf8, 0x8f, 0xf4,
    0x0, 0x0, 0x8f, 0xf6, 0x8f, 0xf9, 0x0, 0x1,
    0xef, 0xf2, 0x8f, 0xff, 0xb6, 0x7d, 0xff, 0xb0,
    0x8f, 0xfc, 0xff, 0xff, 0xfe, 0x20, 0x8f, 0xf1,
    0x7d, 0xfe, 0xa1, 0x0,

    /* U+0063 "c" */
    0x0, 0x2, 0x9e, 0xfe, 0xb4, 0x0, 0x0, 0x4f,
    0xff, 0xff, 0xff, 0x80, 0x2, 0xff, 0xf9, 0x57,
    0xef, 0xf4, 0x9, 0xff, 0x70, 0x0, 0x3f, 0xfa,
    0xe, 0xff, 0x0, 0x0, 0xa, 0xb9, 0xf, 0xfd,
    0x0, 0x0, 0x0, 0x0, 0x1f, 0xfc, 0x0, 0x0,
    0x0, 0x0, 0xf, 0xfd, 0x0, 0x0, 0x0, 0x0,
    0xd, 0xff, 0x0, 0x0, 0x5, 0x65, 0x9, 0xff,
    0x60, 0x0, 0x2f, 0xfb, 0x2, 0xff, 0xf9, 0x56,
    0xef, 0xf4, 0x0, 0x4f, 0xff, 0xff, 0xff, 0x70,
    0x0, 0x2, 0x9e, 0xfe, 0xa3, 0x0,

    /* U+0064 "d" */
    0x0, 0x0, 0x0, 0x0, 0xc, 0xff, 0x0, 0x0,
    0x0, 0x0, 0x0, 0xc, 0xff, 0x0, 0x0, 0x0,
    0x0, 0x0, 0xc, 0xff, 0x0, 0x0, 0x0, 0x0,
    0x0, 0xc, 0xff, 0x0, 0x0, 0x0, 0x0, 0x0,
    0xc, 0xff, 0x0, 0x0, 0x5, 0xcf, 0xfb, 0x3c,
    0xff, 0x0, 0x0, 0x7f, 0xff, 0xff, 0xff, 0xff,
    0x0, 0x3, 0xff, 0xf9, 0x57, 0xef, 0xff, 0x0,
    0x9, 0xff, 0x80, 0x0, 0x1f, 0xff, 0x0, 0xe,
    0xff, 0x10, 0x0, 0xc, 0xff, 0x0, 0xf, 0xfd,
    0x0, 0x0, 0xc, 0xff, 0x0, 0x1f, 0xfc, 0x0,
    0x0, 0xc, 0xff, 0x0, 0xf, 0xfe, 0x0, 0x0,
    0xc, 0xff, 0x0, 0xd, 0xff, 0x10, 0x0, 0xc,
    0xff, 0x0, 0x9, 0xff, 0x90, 0x0, 0x2f, 0xff,
    0x10, 0x2, 0xff, 0xfb, 0x78, 0xef, 0xff, 0xa1,
    0x0, 0x6f, 0xff, 0xff, 0xf8, 0xff, 0xf5, 0x0,
    0x4, 0xbf, 0xfb, 0x30, 0x8e, 0xf5,

    /* U+0065 "e" */
    0x0, 0x1, 0x7d, 0xfe, 0xb5, 0x0, 0x0, 0x2,
    0xdf, 0xff, 0xff, 0xf9, 0x0, 0x0, 0xdf, 0xf9,
    0x56, 0xdf, 0xf5, 0x0, 0x6f, 0xf7, 0x0, 0x2,
    0xff, 0xc0, 0xc, 0xff, 0x0, 0x0, 0xc, 0xff,
    0x0, 0xef, 0xff, 0xff, 0xff, 0xff, 0xf1, 0xf,
    0xff, 0xff, 0xff, 0xff, 0xff, 0x20, 0xff, 0xf1,
    0x11, 0x11, 0x11, 0x10, 0xd, 0xff, 0x20, 0x0,
    0x0, 0x0, 0x0, 0x8f, 0xfb, 0x0, 0x0, 0x2b,
    0x0, 0x1, 0xef, 0xfc, 0x65, 0x8f, 0xfb, 0x0,
    0x3, 0xef, 0xff, 0xff, 0xfe, 0x30, 0x0, 0x1,
    0x8d, 0xff, 0xd8, 0x10, 0x0,

    /* U+0066 "f" */
    0x0, 0x0, 0x3, 0x54, 0x10, 0x0, 0x2d, 0xff,
    0xf7, 0x0, 0xe, 0xff, 0xff, 0x70, 0x5, 0xff,
    0xd2, 0x0, 0x0, 0x8f, 0xf6, 0x0, 0x0, 0x8,
    0xff, 0x50, 0x0, 0x7f, 0xff, 0xff, 0xfe, 0x7,
    0xff, 0xff, 0xff, 0xe0, 0x1, 0x9f, 0xf6, 0x11,
    0x0, 0x8, 0xff, 0x50, 0x0, 0x0, 0x8f, 0xf5,
    0x0, 0x0, 0x8, 0xff, 0x50, 0x0, 0x0, 0x8f,
    0xf5, 0x0, 0x0, 0x8, 0xff, 0x50, 0x0, 0x0,
    0x8f, 0xf5, 0x0, 0x0, 0x8, 0xff, 0x50, 0x0,
    0x0, 0x8f, 0xf5, 0x0, 0x0, 0x8, 0xff, 0x50,
    0x0, 0x0, 0x8f, 0xf5, 0x0, 0x0,

    /* U+0067 "g" */
    0x0, 0x4, 0xbf, 0xfc, 0x47, 0xff, 0x20, 0x6,
    0xff, 0xff, 0xff, 0xdf, 0xf2, 0x2, 0xff, 0xfa,
    0x67, 0xdf, 0xff, 0x20, 0x9f, 0xf9, 0x0, 0x0,
    0xdf, 0xf2, 0xd, 0xff, 0x10, 0x0, 0xb, 0xff,
    0x20, 0xff, 0xe0, 0x0, 0x0, 0xbf, 0xf2, 0xf,
    0xfd, 0x0, 0x0, 0xb, 0xff, 0x20, 0xff, 0xe0,
    0x0, 0x0, 0xbf, 0xf2, 0xd, 0xff, 0x10, 0x0,
    0xb, 0xff, 0x20, 0x8f, 0xf8, 0x0, 0x0, 0xef,
    0xf2, 0x2, 0xff, 0xfa, 0x57, 0xdf, 0xff, 0x20,
    0x6, 0xff, 0xff, 0xff, 0xef, 0xf2, 0x0, 0x4,
    0xbf, 0xfc, 0x4b, 0xff, 0x20, 0x0, 0x0, 0x0,
    0x0, 0xdf, 0xf0, 0x0, 0x56, 0x0, 0x0, 0x4f,
    0xfd, 0x0, 0x1e, 0xfb, 0x54, 0x8f, 0xff, 0x60,
    0x0, 0xbf, 0xff, 0xff, 0xff, 0x90, 0x0, 0x0,
    0x5b, 0xef, 0xeb, 0x40, 0x0,

    /* U+0068 "h" */
    0x9f, 0xf4, 0x0, 0x0, 0x0, 0x9, 0xff, 0x40,
    0x0, 0x0, 0x0, 0x9f, 0xf4, 0x0, 0x0, 0x0,
    0x9, 0xff, 0x40, 0x0, 0x0, 0x0, 0x9f, 0xf4,
    0x0, 0x0, 0x0, 0x9, 0xff, 0x46, 0xcf, 0xeb,
    0x20, 0x9f, 0xfc, 0xff, 0xff, 0xff, 0x19, 0xff,
    0xfa, 0x67, 0xdf, 0xf8, 0x9f, 0xf8, 0x0, 0x3,
    0xff, 0xc9, 0xff, 0x40, 0x0, 0xf, 0xfe, 0x9f,
    0xf4, 0x0, 0x0, 0xff, 0xe9, 0xff, 0x40, 0x0,
    0xf, 0xfe, 0x9f, 0xf4, 0x0, 0x0, 0xff, 0xe9,
    0xff, 0x40, 0x0, 0xf, 0xfe, 0x9f, 0xf4, 0x0,
    0x0, 0xff, 0xe9, 0xff, 0x40, 0x0, 0xf, 0xfe,
    0x9f, 0xf4, 0x0, 0x0, 0xff, 0xe9, 0xff, 0x40,
    0x0, 0xf, 0xfe,

    /* U+0069 "i" */
    0x2d, 0xe4, 0x7f, 0xfa, 0x3e, 0xf4, 0x0, 0x0,
    0x5f, 0xf7, 0x5f, 0xf7, 0x5f, 0xf7, 0x5f, 0xf7,
    0x5f, 0xf7, 0x5f, 0xf7, 0x5f, 0xf7, 0x5f, 0xf7,
    0x5f, 0xf7, 0x5f, 0xf7, 0x5f, 0xf7, 0x5f, 0xf7,
    0x5f, 0xf7,

    /* U+006A "j" */
    0x0, 0x4e, 0xe2, 0x0, 0x9f, 0xf8, 0x0, 0x4f,
    0xe3, 0x0, 0x0, 0x0, 0x0, 0x6f, 0xf7, 0x0,
    0x6f, 0xf7, 0x0, 0x6f, 0xf7, 0x0, 0x6f, 0xf7,
    0x0, 0x6f, 0xf7, 0x0, 0x6f, 0xf7, 0x0, 0x6f,
    0xf7, 0x0, 0x6f, 0xf7, 0x0, 0x6f, 0xf7, 0x0,
    0x6f, 0xf7, 0x0, 0x6f, 0xf7, 0x0, 0x6f, 0xf7,
    0x0, 0x6f, 0xf7, 0x0, 0x6f, 0xf6, 0x0, 0x8f,
    0xf5, 0x56, 0xef, 0xf3, 0xef, 0xff, 0xb0, 0xcf,
    0xe9, 0x10,

    /* U+006B "k" */
    0x8f, 0xf5, 0x0, 0x0, 0x0, 0x0, 0x8f, 0xf5,
    0x0, 0x0, 0x0, 0x0, 0x8f, 0xf5, 0x0, 0x0,
    0x0, 0x0, 0x8f, 0xf5, 0x0, 0x0, 0x0, 0x0,
    0x8f, 0xf5, 0x0, 0x0, 0x0, 0x0, 0x8f, 0xf5,
    0x0, 0xb, 0xff, 0xa0, 0x8f, 0xf5, 0x0, 0x9f,
    0xfc, 0x0, 0x8f, 0xf5, 0x7, 0xff, 0xd1, 0x0,
    0x8f, 0xf5, 0x5f, 0xfe, 0x20, 0x0, 0x8f, 0xf8,
    0xff, 0xf3, 0x0, 0x0, 0x8f, 0xff, 0xff, 0x90,
    0x0, 0x0, 0x8f, 0xff, 0xff, 0xf2, 0x0, 0x0,
    0x8f, 0xff, 0xcf, 0xfd, 0x0, 0x0, 0x8f, 0xf9,
    0xb, 0xff, 0x80, 0x0, 0x8f, 0xf5, 0x1, 0xef,
    0xf3, 0x0, 0x8f, 0xf5, 0x0, 0x5f, 0xfd, 0x0,
    0x8f, 0xf5, 0x0, 0xa, 0xff, 0x90, 0x8f, 0xf5,
    0x0, 0x1, 0xef, 0xf4,

    /* U+006C "l" */
    0x5f, 0xf7, 0x5f, 0xf7, 0x5f, 0xf7, 0x5f, 0xf7,
    0x5f, 0xf7, 0x5f, 0xf7, 0x5f, 0xf7, 0x5f, 0xf7,
    0x5f, 0xf7, 0x5f, 0xf7, 0x5f, 0xf7, 0x5f, 0xf7,
    0x5f, 0xf7, 0x5f, 0xf7, 0x5f, 0xf7, 0x5f, 0xf7,
    0x5f, 0xf7, 0x5f, 0xf7,

    /* U+006D "m" */
    0x8f, 0xf2, 0x6d, 0xfe, 0xb2, 0x2, 0xae, 0xfd,
    0x70, 0x8, 0xff, 0xdf, 0xff, 0xff, 0xf5, 0xff,
    0xff, 0xff, 0x90, 0x8f, 0xff, 0x96, 0x7e, 0xff,
    0xfe, 0x76, 0x9f, 0xff, 0x18, 0xff, 0x70, 0x0,
    0x4f, 0xff, 0x30, 0x0, 0xaf, 0xf5, 0x8f, 0xf4,
    0x0, 0x0, 0xff, 0xd0, 0x0, 0x7, 0xff, 0x68,
    0xff, 0x40, 0x0, 0xf, 0xfd, 0x0, 0x0, 0x6f,
    0xf6, 0x8f, 0xf4, 0x0, 0x0, 0xff, 0xd0, 0x0,
    0x6, 0xff, 0x68, 0xff, 0x40, 0x0, 0xf, 0xfd,
    0x0, 0x0, 0x6f, 0xf6, 0x8f, 0xf4, 0x0, 0x0,
    0xff, 0xd0, 0x0, 0x6, 0xff, 0x68, 0xff, 0x40,
    0x0, 0xf, 0xfd, 0x0, 0x0, 0x6f, 0xf6, 0x8f,
    0xf4, 0x0, 0x0, 0xff, 0xd0, 0x0, 0x6, 0xff,
    0x68, 0xff, 0x40, 0x0, 0xf, 0xfd, 0x0, 0x0,
    0x6f, 0xf6, 0x8f, 0xf4, 0x0, 0x0, 0xff, 0xd0,
    0x0, 0x6, 0xff, 0x60,

    /* U+006E "n" */
    0x9f, 0xf2, 0x6c, 0xff, 0xb3, 0x9, 0xff, 0xbf,
    0xff, 0xff, 0xf2, 0x9f, 0xff, 0xa6, 0x7d, 0xff,
    0x99, 0xff, 0x90, 0x0, 0x2f, 0xfc, 0x9f, 0xf4,
    0x0, 0x0, 0xff, 0xe9, 0xff, 0x40, 0x0, 0xf,
    0xfe, 0x9f, 0xf4, 0x0, 0x0, 0xff, 0xe9, 0xff,
    0x40, 0x0, 0xf, 0xfe, 0x9f, 0xf4, 0x0, 0x0,
    0xff, 0xe9, 0xff, 0x40, 0x0, 0xf, 0xfe, 0x9f,
    0xf4, 0x0, 0x0, 0xff, 0xe9, 0xff, 0x40, 0x0,
    0xf, 0xfe, 0x9f, 0xf4, 0x0, 0x0, 0xff, 0xe0,

    /* U+006F "o" */
    0x0, 0x1, 0x8d, 0xff, 0xc6, 0x0, 0x0, 0x3,
    0xef, 0xff, 0xff, 0xfb, 0x0, 0x1, 0xef, 0xfa,
    0x56, 0xdf, 0xfa, 0x0, 0x7f, 0xf8, 0x0, 0x0,
    0xef, 0xf2, 0xd, 0xff, 0x10, 0x0, 0x7, 0xff,
    0x70, 0xff, 0xd0, 0x0, 0x0, 0x3f, 0xfa, 0x1f,
    0xfc, 0x0, 0x0, 0x2, 0xff, 0xb0, 0xff, 0xe0,
    0x0, 0x0, 0x3f, 0xfa, 0xd, 0xff, 0x10, 0x0,
    0x6, 0xff, 0x70, 0x8f, 0xf8, 0x0, 0x0, 0xdf,
    0xf2, 0x1, 0xef, 0xf9, 0x55, 0xcf, 0xfa, 0x0,
    0x3, 0xef, 0xff, 0xff, 0xfb, 0x0, 0x0, 0x1,
    0x8d, 0xfe, 0xc6, 0x0, 0x0,

    /* U+0070 "p" */
    0x8f, 0xf3, 0x9e, 0xfe, 0x91, 0x0, 0x8f, 0xff,
    0xff, 0xff, 0xfe, 0x10, 0x8f, 0xff, 0x62, 0x3b,
    0xff, 0xb0, 0x8f, 0xf6, 0x0, 0x0, 0xef, 0xf2,
    0x8f, 0xf4, 0x0, 0x0, 0x8f, 0xf6, 0x8f, 0xf4,
    0x0, 0x0, 0x5f, 0xf8, 0x8f, 0xf4, 0x0, 0x0,
    0x4f, 0xf8, 0x8f, 0xf4, 0x0, 0x0, 0x5f, 0xf8,
    0x8f, 0xf4, 0x0, 0x0, 0x8f, 0xf6, 0x8f, 0xf8,
    0x0, 0x1, 0xef, 0xf2, 0x8f, 0xff, 0x95, 0x6d,
    0xff, 0xa0, 0x8f, 0xfe, 0xff, 0xff, 0xfe, 0x10,
    0x8f, 0xf5, 0x8d, 0xfe, 0x91, 0x0, 0x8f, 0xf4,
    0x0, 0x0, 0x0, 0x0, 0x8f, 0xf4, 0x0, 0x0,
    0x0, 0x0, 0x8f, 0xf4, 0x0, 0x0, 0x0, 0x0,
    0x8f, 0xf4, 0x0, 0x0, 0x0, 0x0, 0x8f, 0xf4,
    0x0, 0x0, 0x0, 0x0,

    /* U+0071 "q" */
    0x0, 0x5, 0xcf, 0xfb, 0x38, 0xff, 0x0, 0x7,
    0xff, 0xff, 0xff, 0xdf, 0xf0, 0x3, 0xff, 0xf9,
    0x56, 0xdf, 0xff, 0x0, 0xaf, 0xf7, 0x0, 0x1,
    0xef, 0xf0, 0xe, 0xff, 0x10, 0x0, 0xd, 0xff,
    0x0, 0xff, 0xd0, 0x0, 0x0, 0xdf, 0xf0, 0x1f,
    0xfc, 0x0, 0x0, 0xd, 0xff, 0x0, 0xff, 0xe0,
    0x0, 0x0, 0xdf, 0xf0, 0xd, 0xff, 0x10, 0x0,
    0xd, 0xff, 0x0, 0x9f, 0xf8, 0x0, 0x1, 0xef,
    0xf0, 0x2, 0xff, 0xf9, 0x46, 0xdf, 0xff, 0x0,
    0x7, 0xff, 0xff, 0xff, 0xff, 0xf0, 0x0, 0x4,
    0xcf, 0xfb, 0x3d, 0xff, 0x0, 0x0, 0x0, 0x0,
    0x0, 0xdf, 0xf0, 0x0, 0x0, 0x0, 0x0, 0xd,
    0xff, 0x0, 0x0, 0x0, 0x0, 0x0, 0xdf, 0xf0,
    0x0, 0x0, 0x0, 0x0, 0xd, 0xff, 0x0, 0x0,
    0x0, 0x0, 0x0, 0xdf, 0xf0,

    /* U+0072 "r" */
    0x0, 0x0, 0x0, 0x0, 0x8f, 0xf4, 0x9e, 0xf1,
    0x8f, 0xfe, 0xff, 0xf1, 0x8f, 0xff, 0xd9, 0x90,
    0x8f, 0xfa, 0x0, 0x0, 0x8f, 0xf4, 0x0, 0x0,
    0x8f, 0xf4, 0x0, 0x0, 0x8f, 0xf4, 0x0, 0x0,
    0x8f, 0xf4, 0x0, 0x0, 0x8f, 0xf4, 0x0, 0x0,
    0x8f, 0xf4, 0x0, 0x0, 0x8f, 0xf4, 0x0, 0x0,
    0x8f, 0xf4, 0x0, 0x0, 0x8f, 0xf4, 0x0, 0x0,

    /* U+0073 "s" */
    0x0, 0x6, 0xcf, 0xfe, 0x92, 0x0, 0x0, 0xbf,
    0xff, 0xff, 0xff, 0x40, 0x6, 0xff, 0xc4, 0x38,
    0xff, 0xe0, 0xa, 0xff, 0x20, 0x0, 0xbf, 0xf3,
    0x9, 0xff, 0x70, 0x0, 0x0, 0x0, 0x2, 0xff,
    0xfe, 0xa6, 0x10, 0x0, 0x0, 0x2b, 0xff, 0xff,
    0xfa, 0x10, 0x0, 0x0, 0x26, 0xaf, 0xff, 0xd0,
    0x3, 0x32, 0x0, 0x0, 0xcf, 0xf4, 0xf, 0xfd,
    0x0, 0x0, 0x8f, 0xf5, 0xa, 0xff, 0xa3, 0x25,
    0xef, 0xf1, 0x1, 0xcf, 0xff, 0xff, 0xff, 0x70,
    0x0, 0x7, 0xce, 0xfe, 0xa3, 0x0,

    /* U+0074 "t" */
    0x0, 0xdf, 0xf0, 0x0, 0x0, 0xdf, 0xf0, 0x0,
    0x0, 0xdf, 0xf0, 0x0, 0xef, 0xff, 0xff, 0xf4,
    0xef, 0xff, 0xff, 0xf4, 0x11, 0xdf, 0xf2, 0x10,
    0x0, 0xdf, 0xf0, 0x0, 0x0, 0xdf, 0xf0, 0x0,
    0x0, 0xdf, 0xf0, 0x0, 0x0, 0xdf, 0xf0, 0x0,
    0x0, 0xdf, 0xf0, 0x0, 0x0, 0xdf, 0xf0, 0x0,
    0x0, 0xcf, 0xf1, 0x0, 0x0, 0xaf, 0xfa, 0x62,
    0x0, 0x5f, 0xff, 0xf5, 0x0, 0x6, 0xdf, 0xe4,

    /* U+0075 "u" */
    0x9f, 0xf4, 0x0, 0x0, 0xff, 0xe9, 0xff, 0x40,
    0x0, 0xf, 0xfe, 0x9f, 0xf4, 0x0, 0x0, 0xff,
    0xe9, 0xff, 0x40, 0x0, 0xf, 0xfe, 0x9f, 0xf4,
    0x0, 0x0, 0xff, 0xe9, 0xff, 0x40, 0x0, 0xf,
    0xfe, 0x9f, 0xf4, 0x0, 0x0, 0xff, 0xe9, 0xff,
    0x40, 0x0, 0xf, 0xfe, 0x9f, 0xf4, 0x0, 0x0,
    0xff, 0xe8, 0xff, 0x70, 0x0, 0x3f, 0xfe, 0x4f,
    0xff, 0x75, 0x8f, 0xff, 0xe0, 0xbf, 0xff, 0xff,
    0xee, 0xfe, 0x0, 0x8e, 0xfe, 0xa2, 0xcf, 0xe0,

    /* U+0076 "v" */
    0x9f, 0xf5, 0x0, 0x0, 0x8f, 0xf6, 0x3f, 0xfa,
    0x0, 0x0, 0xdf, 0xf1, 0xe, 0xff, 0x0, 0x1,
    0xff, 0xb0, 0x8, 0xff, 0x40, 0x6, 0xff, 0x50,
    0x3, 0xff, 0x80, 0xb, 0xff, 0x0, 0x0, 0xdf,
    0xd0, 0xf, 0xfb, 0x0, 0x0, 0x8f, 0xf2, 0x4f,
    0xf5, 0x0, 0x0, 0x2f, 0xf7, 0x9f, 0xf0, 0x0,
    0x0, 0xd, 0xfc, 0xef, 0xa0, 0x0, 0x0, 0x8,
    0xff, 0xff, 0x50, 0x0, 0x0, 0x2, 0xff, 0xff,
    0x0, 0x0, 0x0, 0x0, 0xdf, 0xfa, 0x0, 0x0,
    0x0, 0x0, 0x7f, 0xf5, 0x0, 0x0,

    /* U+0077 "w" */
    0x7f, 0xf4, 0x0, 0x5, 0xff, 0x10, 0x0, 0x8f,
    0xf4, 0x3f, 0xf8, 0x0, 0xa, 0xff, 0x60, 0x0,
    0xbf, 0xf0, 0xe, 0xfb, 0x0, 0xe, 0xff, 0xb0,
    0x0, 0xff, 0xb0, 0xa, 0xff, 0x0, 0x3f, 0xff,
    0xf0, 0x3, 0xff, 0x70, 0x6, 0xff, 0x30, 0x8f,
    0xcf, 0xf4, 0x6, 0xff, 0x30, 0x2, 0xff, 0x70,
    0xcf, 0x7b, 0xf9, 0xa, 0xfe, 0x0, 0x0, 0xef,
    0xa1, 0xff, 0x26, 0xfe, 0xe, 0xfa, 0x0, 0x0,
    0x9f, 0xe6, 0xfd, 0x1, 0xff, 0x5f, 0xf6, 0x0,
    0x0, 0x5f, 0xfc, 0xf8, 0x0, 0xcf, 0xdf, 0xf2,
    0x0, 0x0, 0x1f, 0xff, 0xf3, 0x0, 0x7f, 0xff,
    0xd0, 0x0, 0x0, 0xc, 0xff, 0xe0, 0x0, 0x2f,
    0xff, 0x90, 0x0, 0x0, 0x8, 0xff, 0xa0, 0x0,
    0xd, 0xff, 0x50, 0x0, 0x0, 0x4, 0xff, 0x50,
    0x0, 0x8, 0xff, 0x10, 0x0,

    /* U+0078 "x" */
    0x3f, 0xfe, 0x0, 0x0, 0xdf, 0xf4, 0x9, 0xff,
    0x70, 0x7, 0xff, 0xa0, 0x1, 0xef, 0xf1, 0x1e,
    0xff, 0x10, 0x0, 0x6f, 0xf9, 0x9f, 0xf7, 0x0,
    0x0, 0xc, 0xff, 0xff, 0xd0, 0x0, 0x0, 0x3,
    0xff, 0xff, 0x40, 0x0, 0x0, 0x0, 0xcf, 0xfd,
    0x0, 0x0, 0x0, 0x4, 0xff, 0xff, 0x60, 0x0,
    0x0, 0xd, 0xff, 0xef, 0xe1, 0x0, 0x0, 0x8f,
    0xf8, 0x6f, 0xf9, 0x0, 0x2, 0xff, 0xe0, 0xd,
    0xff, 0x30, 0xb, 0xff, 0x60, 0x4, 0xff, 0xc0,
    0x5f, 0xfc, 0x0, 0x0, 0xbf, 0xf6,

    /* U+0079 "y" */
    0xbf, 0xf5, 0x0, 0x0, 0xaf, 0xf5, 0x5f, 0xfa,
    0x0, 0x0, 0xff, 0xf0, 0xf, 0xff, 0x0, 0x4,
    0xff, 0xa0, 0xa, 0xff, 0x40, 0x9, 0xff, 0x50,
    0x4, 0xff, 0x90, 0xd, 0xff, 0x0, 0x0, 0xef,
    0xe0, 0x2f, 0xfa, 0x0, 0x0, 0x9f, 0xf3, 0x7f,
    0xf4, 0x0, 0x0, 0x3f, 0xf8, 0xcf, 0xe0, 0x0,
    0x0, 0xe, 0xfe, 0xff, 0x90, 0x0, 0x0, 0x8,
    0xff, 0xff, 0x40, 0x0, 0x0, 0x3, 0xff, 0xfe,
    0x0, 0x0, 0x0, 0x0, 0xdf, 0xf9, 0x0, 0x0,
    0x0, 0x0, 0x8f, 0xf3, 0x0, 0x0, 0x0, 0x0,
    0xaf, 0xe0, 0x0, 0x0, 0x0, 0x2, 0xff, 0x80,
    0x0, 0x0, 0x5, 0x8e, 0xff, 0x20, 0x0, 0x0,
    0xd, 0xff, 0xf8, 0x0, 0x0, 0x0, 0xb, 0xfd,
    0x60, 0x0, 0x0, 0x0,

    /* U+007A "z" */
    0xe, 0xff, 0xff, 0xff, 0xff, 0xf0, 0xe, 0xff,
    0xff, 0xff, 0xff, 0xf0, 0x4, 0x44, 0x44, 0x4e,
    0xff, 0x70, 0x0, 0x0, 0x0, 0x7f, 0xfb, 0x0,
    0x0, 0x0, 0x3, 0xff, 0xe1, 0x0, 0x0, 0x0,
    0x1e, 0xff, 0x40, 0x0, 0x0, 0x0, 0xaf, 0xf9,
    0x0, 0x0, 0x0, 0x6, 0xff, 0xd0, 0x0, 0x0,
    0x0, 0x2f, 0xff, 0x20, 0x0, 0x0, 0x0, 0xdf,
    0xf6, 0x0, 0x0, 0x0, 0x9, 0xff, 0xd4, 0x44,
    0x44, 0x41, 0xf, 0xff, 0xff, 0xff, 0xff, 0xf4,
    0xf, 0xff, 0xff, 0xff, 0xff, 0xf4,

    /* U+007B "{" */
    0x0, 0x0, 0x0, 0x52, 0x0, 0x0, 0x2d, 0xf8,
    0x0, 0x2, 0xff, 0xc2, 0x0, 0xa, 0xff, 0x10,
    0x0, 0xf, 0xfc, 0x0, 0x0, 0xf, 0xfa, 0x0,
    0x0, 0x1f, 0xf9, 0x0, 0x0, 0x1f, 0xf9, 0x0,
    0x0, 0x1f, 0xf9, 0x0, 0x0, 0x4f, 0xf6, 0x0,
    0x4, 0xdf, 0xf1, 0x0, 0x5f, 0xfe, 0x40, 0x0,
    0x5f, 0xff, 0x50, 0x0, 0x2, 0xcf, 0xf2, 0x0,
    0x0, 0x4f, 0xf7, 0x0, 0x0, 0x1f, 0xf9, 0x0,
    0x0, 0x1f, 0xf9, 0x0, 0x0, 0x1f, 0xf9, 0x0,
    0x0, 0xf, 0xfa, 0x0, 0x0, 0xe, 0xfc, 0x0,
    0x0, 0x9, 0xff, 0x20, 0x0, 0x1, 0xef, 0xd4,
    0x0, 0x0, 0x2c, 0xf7, 0x0, 0x0, 0x0, 0x41,

    /* U+007C "|" */
    0xff, 0xff, 0xff, 0xff, 0xff, 0xff, 0xff, 0xff,
    0xff, 0xff, 0xff, 0xff, 0xff, 0xff, 0xff, 0xff,
    0xff, 0xff, 0xff, 0xff, 0x55,

    /* U+007D "}" */
    0x25, 0x0, 0x0, 0x0, 0x7f, 0xe3, 0x0, 0x0,
    0x2c, 0xff, 0x20, 0x0, 0x1, 0xff, 0xa0, 0x0,
    0x0, 0xbf, 0xf0, 0x0, 0x0, 0x9f, 0xf1, 0x0,
    0x0, 0x9f, 0xf1, 0x0, 0x0, 0x9f, 0xf1, 0x0,
    0x0, 0x8f, 0xf2, 0x0, 0x0, 0x6f, 0xf4, 0x0,
    0x0, 0x1e, 0xfd, 0x40, 0x0, 0x3, 0xdf, 0xf6,
    0x0, 0x4, 0xef, 0xf6, 0x0, 0x1f, 0xfd, 0x20,
    0x0, 0x6f, 0xf4, 0x0, 0x0, 0x8f, 0xf1, 0x0,
    0x0, 0x9f, 0xf1, 0x0, 0x0, 0x9f, 0xf1, 0x0,
    0x0, 0x9f, 0xf0, 0x0, 0x0, 0xcf, 0xe0, 0x0,
    0x2, 0xff, 0x90, 0x0, 0x3d, 0xfe, 0x10, 0x0,
    0x7f, 0xc2, 0x0, 0x0, 0x14, 0x0, 0x0, 0x0,

    /* U+007E "~" */
    0x0, 0x8e, 0xfc, 0x40, 0x0, 0x7, 0xa5, 0xb,
    0xff, 0xff, 0xf8, 0x0, 0xe, 0xf7, 0x4f, 0xfa,
    0x7c, 0xff, 0xc7, 0xbf, 0xf2, 0x8f, 0xd0, 0x0,
    0x9f, 0xff, 0xff, 0x90, 0x58, 0x50, 0x0, 0x5,
    0xcf, 0xe7, 0x0,

    /* U+00A0 " " */

    /* U+00A9 "©" */
    0x0, 0x0, 0x0, 0x1, 0x10, 0x0, 0x0, 0x0,
    0x0, 0x0, 0x2, 0x9e, 0xff, 0xfd, 0x70, 0x0,
    0x0, 0x0, 0x7, 0xff, 0x97, 0x57, 0xbf, 0xe3,
    0x0, 0x0, 0x9, 0xf9, 0x0, 0x0, 0x0, 0x2c,
    0xf4, 0x0, 0x6, 0xf6, 0x0, 0x48, 0x86, 0x10,
    0xb, 0xe1, 0x1, 0xfa, 0x0, 0x9f, 0xff, 0xfe,
    0x30, 0x1e, 0xa0, 0x7f, 0x20, 0x6f, 0xc2, 0x6,
    0xfd, 0x0, 0x7f, 0x1b, 0xc0, 0xb, 0xf2, 0x0,
    0xc, 0xf0, 0x1, 0xf6, 0xe9, 0x0, 0xee, 0x0,
    0x0, 0x0, 0x0, 0xe, 0x9f, 0x70, 0xe, 0xe0,
    0x0, 0x0, 0x0, 0x0, 0xca, 0xe8, 0x0, 0xee,
    0x0, 0x0, 0x0, 0x0, 0xe, 0x9c, 0xb0, 0xb,
    0xf2, 0x0, 0xc, 0xf1, 0x0, 0xf7, 0x8f, 0x10,
    0x6f, 0xc2, 0x5, 0xfd, 0x0, 0x6f, 0x22, 0xf8,
    0x0, 0xaf, 0xff, 0xfe, 0x30, 0xd, 0xc0, 0x8,
    0xf4, 0x0, 0x48, 0x86, 0x10, 0x9, 0xf2, 0x0,
    0xc, 0xf6, 0x0, 0x0, 0x0, 0xa, 0xf6, 0x0,
    0x0, 0xa, 0xfd, 0x64, 0x24, 0x8e, 0xf5, 0x0,
    0x0, 0x0, 0x5, 0xcf, 0xff, 0xff, 0xa2, 0x0,
    0x0, 0x0, 0x0, 0x0, 0x14, 0x43, 0x0, 0x0,
    0x0, 0x0,

    /* U+00AE "®" */
    0x0, 0x0, 0x0, 0x1, 0x10, 0x0, 0x0, 0x0,
    0x0, 0x0, 0x2, 0x9e, 0xff, 0xfd, 0x70, 0x0,
    0x0, 0x0, 0x7, 0xff, 0x97, 0x57, 0xbf, 0xe3,
    0x0, 0x0, 0x9, 0xf9, 0x0, 0x0, 0x0, 0x2c,
    0xf4, 0x0, 0x6, 0xf6, 0x19, 0x99, 0x86, 0x10,
    0xb, 0xe1, 0x1, 0xfa, 0x1, 0xff, 0xff, 0xff,
    0x30, 0x1e, 0xa0, 0x7f, 0x20, 0x1f, 0xa0, 0x4,
    0xfc, 0x0, 0x7f, 0x1b, 0xc0, 0x1, 0xfa, 0x0,
    0xc, 0xf0, 0x1, 0xf6, 0xe9, 0x0, 0x1f, 0xa0,
    0x5, 0xfc, 0x0, 0xe, 0x9f, 0x70, 0x1, 0xff,
    0xff, 0xfe, 0x10, 0x0, 0xca, 0xe8, 0x0, 0x1f,
    0xd9, 0x9d, 0xf7, 0x0, 0xe, 0x9c, 0xb0, 0x1,
    0xfa, 0x0, 0xe, 0xd0, 0x0, 0xf7, 0x8f, 0x10,
    0x1f, 0xa0, 0x0, 0xdf, 0x0, 0x6f, 0x22, 0xf8,
    0x1, 0xfa, 0x0, 0xc, 0xf0, 0xd, 0xc0, 0x8,
    0xf4, 0x7, 0x40, 0x0, 0x57, 0x19, 0xf2, 0x0,
    0xc, 0xf6, 0x0, 0x0, 0x0, 0xa, 0xf6, 0x0,
    0x0, 0xa, 0xfd, 0x64, 0x24, 0x8e, 0xf5, 0x0,
    0x0, 0x0, 0x5, 0xcf, 0xff, 0xff, 0xa2, 0x0,
    0x0, 0x0, 0x0, 0x0, 0x14, 0x43, 0x0, 0x0,
    0x0, 0x0,

    /* U+00B0 "°" */
    0x2, 0xbf, 0xc3, 0x1, 0xef, 0xbe, 0xf2, 0x6f,
    0x40, 0x2f, 0x86, 0xf4, 0x2, 0xf8, 0x1f, 0xfb,
    0xef, 0x30, 0x3c, 0xfd, 0x40,

    /* U+00B1 "±" */
    0x0, 0x0, 0xbf, 0xd0, 0x0, 0x0, 0x0, 0xb,
    0xfd, 0x0, 0x0, 0x0, 0x0, 0xbf, 0xd0, 0x0,
    0x0, 0x0, 0xb, 0xfd, 0x0, 0x0, 0x45, 0x55,
    0xcf, 0xe5, 0x55, 0x4e, 0xff, 0xff, 0xff, 0xff,
    0xfd, 0xef, 0xff, 0xff, 0xff, 0xff, 0xd0, 0x0,
    0xb, 0xfd, 0x0, 0x0, 0x0, 0x0, 0xbf, 0xd0,
    0x0, 0x0, 0x0, 0xb, 0xfd, 0x0, 0x0, 0x0,
    0x0, 0xbf, 0xd0, 0x0, 0x0, 0x0, 0x4, 0x64,
    0x0, 0x0, 0x25, 0x55, 0x55, 0x55, 0x55, 0x28,
    0xff, 0xff, 0xff, 0xff, 0xf6, 0x8f, 0xff, 0xff,
    0xff, 0xff, 0x60,

    /* U+00D7 "×" */
    0x0, 0x60, 0x0, 0x0, 0x3, 0x30, 0x7, 0xfb,
    0x0, 0x0, 0x2e, 0xf3, 0xb, 0xff, 0xb0, 0x2,
    0xef, 0xf6, 0x0, 0xbf, 0xfa, 0x2e, 0xff, 0x60,
    0x0, 0xb, 0xff, 0xff, 0xf6, 0x0, 0x0, 0x0,
    0xcf, 0xff, 0x70, 0x0, 0x0, 0x1, 0xdf, 0xff,
    0xa0, 0x0, 0x0, 0x1d, 0xff, 0xef, 0xf9, 0x0,
    0x1, 0xdf, 0xf8, 0x1c, 0xff, 0x90, 0xc, 0xff,
    0x90, 0x1, 0xdf, 0xf7, 0x5, 0xf9, 0x0, 0x0,
    0x1d, 0xd1, 0x0, 0x30, 0x0, 0x0, 0x1, 0x20,

    /* U+00F7 "÷" */
    0x0, 0x0, 0x6, 0xfc, 0x10, 0x0, 0x0, 0x0,
    0x0, 0xdf, 0xf5, 0x0, 0x0, 0x0, 0x0, 0x8,
    0xfe, 0x20, 0x0, 0x0, 0x0, 0x0, 0x1, 0x0,
    0x0, 0x0, 0x0, 0x0, 0x0, 0x0, 0x0, 0x0,
    0x1, 0x88, 0x88, 0x88, 0x88, 0x88, 0x85, 0x3f,
    0xff, 0xff, 0xff, 0xff, 0xff, 0xa3, 0xff, 0xff,
    0xff, 0xff, 0xff, 0xfa, 0x0, 0x0, 0x0, 0x0,
    0x0, 0x0, 0x0, 0x0, 0x0, 0x1, 0x0, 0x0,
    0x0, 0x0, 0x0, 0x8, 0xfe, 0x20, 0x0, 0x0,
    0x0, 0x0, 0xdf, 0xf6, 0x0, 0x0, 0x0, 0x0,
    0x6, 0xfd, 0x10, 0x0, 0x0,

    /* U+0401 "Ё" */
    0x0, 0x6f, 0xb0, 0x2, 0xde, 0x20, 0x0, 0xcf,
    0xf1, 0x6, 0xff, 0x70, 0x0, 0x4b, 0x80, 0x1,
    0xaa, 0x10, 0x0, 0x0, 0x0, 0x0, 0x0, 0x0,
    0x4f, 0xff, 0xff, 0xff, 0xff, 0xfd, 0x4f, 0xff,
    0xff, 0xff, 0xff, 0xfd, 0x4f, 0xfd, 0x66, 0x66,
    0x66, 0x65, 0x4f, 0xfb, 0x0, 0x0, 0x0, 0x0,
    0x4f, 0xfb, 0x0, 0x0, 0x0, 0x0, 0x4f, 0xfb,
    0x0, 0x0, 0x0, 0x0, 0x4f, 0xfb, 0x0, 0x0,
    0x0, 0x0, 0x4f, 0xff, 0xff, 0xff, 0xff, 0xb0,
    0x4f, 0xff, 0xff, 0xff, 0xff, 0xb0, 0x4f, 0xfc,
    0x55, 0x55, 0x55, 0x40, 0x4f, 0xfb, 0x0, 0x0,
    0x0, 0x0, 0x4f, 0xfb, 0x0, 0x0, 0x0, 0x0,
    0x4f, 0xfb, 0x0, 0x0, 0x0, 0x0, 0x4f, 0xfb,
    0x0, 0x0, 0x0, 0x0, 0x4f, 0xfd, 0x66, 0x66,
    0x66, 0x65, 0x4f, 0xff, 0xff, 0xff, 0xff, 0xfe,
    0x4f, 0xff, 0xff, 0xff, 0xff, 0xfe,

    /* U+0410 "А" */
    0x0, 0x0, 0x0, 0x8f, 0xf8, 0x0, 0x0, 0x0,
    0x0, 0x0, 0x0, 0xef, 0xfe, 0x0, 0x0, 0x0,
    0x0, 0x0, 0x4, 0xff, 0xff, 0x40, 0x0, 0x0,
    0x0, 0x0, 0xa, 0xff, 0xff, 0xa0, 0x0, 0x0,
    0x0, 0x0, 0x1f, 0xfa, 0xbf, 0xf0, 0x0, 0x0,
    0x0, 0x0, 0x6f, 0xf4, 0x5f, 0xf6, 0x0, 0x0,
    0x0, 0x0, 0xcf, 0xe0, 0xf, 0xfc, 0x0, 0x0,
    0x0, 0x2, 0xff, 0x90, 0xa, 0xff, 0x20, 0x0,
    0x0, 0x9, 0xff, 0x40, 0x4, 0xff, 0x80, 0x0,
    0x0, 0xe, 0xfe, 0x0, 0x0, 0xef, 0xe0, 0x0,
    0x0, 0x5f, 0xfc, 0x66, 0x66, 0xcf, 0xf4, 0x0,
    0x0, 0xbf, 0xff, 0xff, 0xff, 0xff, 0xfa, 0x0,
    0x1, 0xff, 0xff, 0xff, 0xff, 0xff, 0xff, 0x10,
    0x7, 0xff, 0x70, 0x0, 0x0, 0x8, 0xff, 0x70,
    0xd, 0xff, 0x20, 0x0, 0x0, 0x3, 0xff, 0xd0,
    0x3f, 0xfc, 0x0, 0x0, 0x0, 0x0, 0xdf, 0xf3,
    0x9f, 0xf7, 0x0, 0x0, 0x0, 0x0, 0x7f, 0xf9,

    /* U+0411 "Б" */
    0x5f, 0xff, 0xff, 0xff, 0xff, 0xf8, 0x0, 0x5f,
    0xff, 0xff, 0xff, 0xff, 0xf8, 0x0, 0x5f, 0xfc,
    0x66, 0x66, 0x66, 0x63, 0x0, 0x5f, 0xfa, 0x0,
    0x0, 0x0, 0x0, 0x0, 0x5f, 0xfa, 0x0, 0x0,
    0x0, 0x0, 0x0, 0x5f, 0xfa, 0x0, 0x0, 0x0,
    0x0, 0x0, 0x5f, 0xfc, 0x66, 0x65, 0x41, 0x0,
    0x0, 0x5f, 0xff, 0xff, 0xff, 0xff, 0xa1, 0x0,
    0x5f, 0xff, 0xff, 0xff, 0xff, 0xfe, 0x20, 0x5f,
    0xfa, 0x0, 0x0, 0x3c, 0xff, 0xb0, 0x5f, 0xfa,
    0x0, 0x0, 0x1, 0xef, 0xf1, 0x5f, 0xfa, 0x0,
    0x0, 0x0, 0xbf, 0xf3, 0x5f, 0xfa, 0x0, 0x0,
    0x0, 0xdf, 0xf3, 0x5f, 0xfa, 0x0, 0x0, 0x4,
    0xff, 0xf0, 0x5f, 0xfc, 0x55, 0x56, 0x9f, 0xff,
    0x80, 0x5f, 0xff, 0xff, 0xff, 0xff, 0xfa, 0x0,
    0x5f, 0xff, 0xff, 0xff, 0xea, 0x40, 0x0,

    /* U+0412 "В" */
    0x4f, 0xff, 0xff, 0xff, 0xd9, 0x20, 0x4, 0xff,
    0xff, 0xff, 0xff, 0xff, 0x50, 0x4f, 0xfd, 0x66,
    0x68, 0xcf, 0xff, 0x14, 0xff, 0xb0, 0x0, 0x0,
    0xcf, 0xf6, 0x4f, 0xfb, 0x0, 0x0, 0x8, 0xff,
    0x74, 0xff, 0xb0, 0x0, 0x0, 0xaf, 0xf5, 0x4f,
    0xfb, 0x0, 0x1, 0x7f, 0xfd, 0x4, 0xff, 0xff,
    0xff, 0xff, 0xfb, 0x10, 0x4f, 0xff, 0xff, 0xff,
    0xff, 0xc3, 0x4, 0xff, 0xc3, 0x33, 0x47, 0xff,
    0xf2, 0x4f, 0xfb, 0x0, 0x0, 0x6, 0xff, 0xa4,
    0xff, 0xb0, 0x0, 0x0, 0x1f, 0xfd, 0x4f, 0xfb,
    0x0, 0x0, 0x2, 0xff, 0xd4, 0xff, 0xb0, 0x0,
    0x0, 0x8f, 0xfb, 0x4f, 0xfd, 0x66, 0x67, 0xbf,
    0xff, 0x44, 0xff, 0xff, 0xff, 0xff, 0xff, 0x80,
    0x4f, 0xff, 0xff, 0xff, 0xea, 0x30, 0x0,

    /* U+0413 "Г" */
    0x3f, 0xff, 0xff, 0xff, 0xff, 0xfa, 0x3f, 0xff,
    0xff, 0xff, 0xff, 0xfa, 0x3f, 0xfd, 0x66, 0x66,
    0x66, 0x64, 0x3f, 0xfc, 0x0, 0x0, 0x0, 0x0,
    0x3f, 0xfc, 0x0, 0x0, 0x0, 0x0, 0x3f, 0xfc,
    0x0, 0x0, 0x0, 0x0, 0x3f, 0xfc, 0x0, 0x0,
    0x0, 0x0, 0x3f, 0xfc, 0x0, 0x0, 0x0, 0x0,
    0x3f, 0xfc, 0x0, 0x0, 0x0, 0x0, 0x3f, 0xfc,
    0x0, 0x0, 0x0, 0x0, 0x3f, 0xfc, 0x0, 0x0,
    0x0, 0x0, 0x3f, 0xfc, 0x0, 0x0, 0x0, 0x0,
    0x3f, 0xfc, 0x0, 0x0, 0x0, 0x0, 0x3f, 0xfc,
    0x0, 0x0, 0x0, 0x0, 0x3f, 0xfc, 0x0, 0x0,
    0x0, 0x0, 0x3f, 0xfc, 0x0, 0x0, 0x0, 0x0,
    0x3f, 0xfc, 0x0, 0x0, 0x0, 0x0,

    /* U+0414 "Д" */
    0x0, 0x0, 0x6f, 0xff, 0xff, 0xff, 0xff, 0xf6,
    0x0, 0x0, 0x0, 0x6f, 0xff, 0xff, 0xff, 0xff,
    0xf6, 0x0, 0x0, 0x0, 0x7f, 0xfa, 0x66, 0x66,
    0xbf, 0xf6, 0x0, 0x0, 0x0, 0x8f, 0xf6, 0x0,
    0x0, 0x8f, 0xf6, 0x0, 0x0, 0x0, 0x9f, 0xf5,
    0x0, 0x0, 0x8f, 0xf6, 0x0, 0x0, 0x0, 0xaf,
    0xf4, 0x0, 0x0, 0x8f, 0xf6, 0x0, 0x0, 0x0,
    0xbf, 0xf3, 0x0, 0x0, 0x8f, 0xf6, 0x0, 0x0,
    0x0, 0xcf, 0xf2, 0x0, 0x0, 0x8f, 0xf6, 0x0,
    0x0, 0x0, 0xef, 0xf0, 0x0, 0x0, 0x8f, 0xf6,
    0x0, 0x0, 0x0, 0xff, 0xe0, 0x0, 0x0, 0x8f,
    0xf6, 0x0, 0x0, 0x4, 0xff, 0xb0, 0x0, 0x0,
    0x8f, 0xf6, 0x0, 0x0, 0x8, 0xff, 0x70, 0x0,
    0x0, 0x8f, 0xf6, 0x0, 0x0, 0xe, 0xff, 0x20,
    0x0, 0x0, 0x8f, 0xf6, 0x0, 0x0, 0x6f, 0xfb,
    0x0, 0x0, 0x0, 0x8f, 0xf6, 0x0, 0x36, 0xff,
    0xf9, 0x66, 0x66, 0x66, 0xbf, 0xfa, 0x63, 0x9f,
    0xff, 0xff, 0xff, 0xff, 0xff, 0xff, 0xff, 0xf8,
    0x8f, 0xff, 0xff, 0xff, 0xff, 0xff, 0xff, 0xff,
    0xf8, 0x8f, 0xf6, 0x0, 0x0, 0x0, 0x0, 0x0,
    0x6f, 0xf8, 0x8f, 0xf6, 0x0, 0x0, 0x0, 0x0,
    0x0, 0x6f, 0xf7, 0x8f, 0xf6, 0x0, 0x0, 0x0,
    0x0, 0x0, 0x6f, 0xf7, 0x7f, 0xf6, 0x0, 0x0,
    0x0, 0x0, 0x0, 0x6f, 0xf7, 0x13, 0x31, 0x0,
    0x0, 0x0, 0x0, 0x0, 0x13, 0x31,

    /* U+0415 "Е" */
    0x4f, 0xff, 0xff, 0xff, 0xff, 0xfd, 0x4f, 0xff,
    0xff, 0xff, 0xff, 0xfd, 0x4f, 0xfd, 0x66, 0x66,
    0x66, 0x65, 0x4f, 0xfb, 0x0, 0x0, 0x0, 0x0,
    0x4f, 0xfb, 0x0, 0x0, 0x0, 0x0, 0x4f, 0xfb,
    0x0, 0x0, 0x0, 0x0, 0x4f, 0xfb, 0x0, 0x0,
    0x0, 0x0, 0x4f, 0xff, 0xff, 0xff, 0xff, 0xb0,
    0x4f, 0xff, 0xff, 0xff, 0xff, 0xb0, 0x4f, 0xfc,
    0x55, 0x55, 0x55, 0x40, 0x4f, 0xfb, 0x0, 0x0,
    0x0, 0x0, 0x4f, 0xfb, 0x0, 0x0, 0x0, 0x0,
    0x4f, 0xfb, 0x0, 0x0, 0x0, 0x0, 0x4f, 0xfb,
    0x0, 0x0, 0x0, 0x0, 0x4f, 0xfd, 0x66, 0x66,
    0x66, 0x65, 0x4f, 0xff, 0xff, 0xff, 0xff, 0xfe,
    0x4f, 0xff, 0xff, 0xff, 0xff, 0xfe,

    /* U+0416 "Ж" */
    0x1f, 0xff, 0x70, 0x0, 0x0, 0xef, 0xf1, 0x0,
    0x0, 0x6f, 0xff, 0x20, 0x6f, 0xff, 0x10, 0x0,
    0xe, 0xff, 0x10, 0x0, 0x1e, 0xff, 0x70, 0x0,
    0xbf, 0xfa, 0x0, 0x0, 0xef, 0xf1, 0x0, 0x9,
    0xff, 0xd0, 0x0, 0x2, 0xff, 0xf3, 0x0, 0xe,
    0xff, 0x10, 0x2, 0xff, 0xf3, 0x0, 0x0, 0x7,
    0xff, 0xc0, 0x0, 0xef, 0xf1, 0x0, 0xbf, 0xf8,
    0x0, 0x0, 0x0, 0xc, 0xff, 0x60, 0xe, 0xff,
    0x10, 0x4f, 0xfd, 0x0, 0x0, 0x0, 0x0, 0x2f,
    0xfe, 0x10, 0xef, 0xf1, 0xd, 0xff, 0x30, 0x0,
    0x0, 0x0, 0x0, 0x7f, 0xff, 0xff, 0xff, 0xff,
    0xff, 0x90, 0x0, 0x0, 0x0, 0x0, 0xa, 0xff,
    0xff, 0xff, 0xff, 0xff, 0xfc, 0x0, 0x0, 0x0,
    0x0, 0x3, 0xff, 0xf9, 0x9f, 0xff, 0xa9, 0xff,
    0xf5, 0x0, 0x0, 0x0, 0x0, 0xdf, 0xfa, 0x0,
    0xef, 0xf1, 0x8, 0xff, 0xe0, 0x0, 0x0, 0x0,
    0x7f, 0xff, 0x10, 0xe, 0xff, 0x10, 0xe, 0xff,
    0x80, 0x0, 0x0, 0x1f, 0xff, 0x70, 0x0, 0xef,
    0xf1, 0x0, 0x6f, 0xff, 0x20, 0x0, 0xa, 0xff,
    0xe0, 0x0, 0xe, 0xff, 0x10, 0x0, 0xdf, 0xfb,
    0x0, 0x3, 0xff, 0xf5, 0x0, 0x0, 0xef, 0xf1,
    0x0, 0x4, 0xff, 0xf5, 0x0, 0xdf, 0xfc, 0x0,
    0x0, 0xe, 0xff, 0x10, 0x0, 0xb, 0xff, 0xe0,
    0x6f, 0xff, 0x30, 0x0, 0x0, 0xef, 0xf1, 0x0,
    0x0, 0x2f, 0xff, 0x80,

    /* U+0417 "З" */
    0x0, 0x2, 0x9d, 0xff, 0xeb, 0x50, 0x0, 0x0,
    0x6f, 0xff, 0xff, 0xff, 0xfc, 0x10, 0x4, 0xff,
    0xfb, 0x76, 0x9f, 0xff, 0xa0, 0xb, 0xff, 0x70,
    0x0, 0x3, 0xff, 0xf1, 0x8, 0x99, 0x10, 0x0,
    0x0, 0xcf, 0xf2, 0x0, 0x0, 0x0, 0x0, 0x0,
    0xef, 0xf1, 0x0, 0x0, 0x0, 0x0, 0x2a, 0xff,
    0x80, 0x0, 0x0, 0xc, 0xff, 0xff, 0xf8, 0x0,
    0x0, 0x0, 0xc, 0xff, 0xff, 0xe6, 0x0, 0x0,
    0x0, 0x4, 0x56, 0x8e, 0xff, 0x90, 0x0, 0x0,
    0x0, 0x0, 0x1, 0xdf, 0xf2, 0x0, 0x0, 0x0,
    0x0, 0x0, 0x9f, 0xf6, 0x1e, 0xed, 0x0, 0x0,
    0x0, 0x9f, 0xf6, 0xe, 0xff, 0x60, 0x0, 0x2,
    0xef, 0xf3, 0x6, 0xff, 0xfb, 0x66, 0x9f, 0xff,
    0xc0, 0x0, 0x8f, 0xff, 0xff, 0xff, 0xfc, 0x10,
    0x0, 0x3, 0x9d, 0xff, 0xeb, 0x50, 0x0,

    /* U+0418 "И" */
    0x4f, 0xfb, 0x0, 0x0, 0x0, 0x2f, 0xff, 0x24,
    0xff, 0xb0, 0x0, 0x0, 0xb, 0xff, 0xf2, 0x4f,
    0xfb, 0x0, 0x0, 0x5, 0xff, 0xff, 0x24, 0xff,
    0xb0, 0x0, 0x1, 0xef, 0xff, 0xf2, 0x4f, 0xfb,
    0x0, 0x0, 0x9f, 0xff, 0xff, 0x24, 0xff, 0xb0,
    0x0, 0x3f, 0xfc, 0xdf, 0xf2, 0x4f, 0xfb, 0x0,
    0xc, 0xff, 0x3d, 0xff, 0x24, 0xff, 0xb0, 0x7,
    0xff, 0x90, 0xdf, 0xf2, 0x4f, 0xfb, 0x1, 0xff,
    0xe0, 0xd, 0xff, 0x24, 0xff, 0xb0, 0xaf, 0xf5,
    0x0, 0xdf, 0xf2, 0x4f, 0xfb, 0x4f, 0xfb, 0x0,
    0xd, 0xff, 0x24, 0xff, 0xbd, 0xff, 0x20, 0x0,
    0xdf, 0xf2, 0x4f, 0xff, 0xff, 0x70, 0x0, 0xd,
    0xff, 0x24, 0xff, 0xff, 0xd0, 0x0, 0x0, 0xdf,
    0xf2, 0x4f, 0xff, 0xf4, 0x0, 0x0, 0xd, 0xff,
    0x24, 0xff, 0xfa, 0x0, 0x0, 0x0, 0xdf, 0xf2,
    0x4f, 0xfe, 0x10, 0x0, 0x0, 0xd, 0xff, 0x20,

    /* U+0419 "Й" */
    0x0, 0x2, 0x87, 0x0, 0x7, 0x82, 0x0, 0x0,
    0x0, 0x1f, 0xf4, 0x5, 0xff, 0x10, 0x0, 0x0,
    0x0, 0x8f, 0xff, 0xff, 0x80, 0x0, 0x0, 0x0,
    0x0, 0x38, 0xa8, 0x30, 0x0, 0x0, 0x0, 0x0,
    0x0, 0x0, 0x0, 0x0, 0x0, 0x4, 0xff, 0xb0,
    0x0, 0x0, 0x2, 0xff, 0xf2, 0x4f, 0xfb, 0x0,
    0x0, 0x0, 0xbf, 0xff, 0x24, 0xff, 0xb0, 0x0,
    0x0, 0x5f, 0xff, 0xf2, 0x4f, 0xfb, 0x0, 0x0,
    0x1e, 0xff, 0xff, 0x24, 0xff, 0xb0, 0x0, 0x9,
    0xff, 0xff, 0xf2, 0x4f, 0xfb, 0x0, 0x3, 0xff,
    0xcd, 0xff, 0x24, 0xff, 0xb0, 0x0, 0xcf, 0xf3,
    0xdf, 0xf2, 0x4f, 0xfb, 0x0, 0x7f, 0xf9, 0xd,
    0xff, 0x24, 0xff, 0xb0, 0x1f, 0xfe, 0x0, 0xdf,
    0xf2, 0x4f, 0xfb, 0xa, 0xff, 0x50, 0xd, 0xff,
    0x24, 0xff, 0xb4, 0xff, 0xb0, 0x0, 0xdf, 0xf2,
    0x4f, 0xfb, 0xdf, 0xf2, 0x0, 0xd, 0xff, 0x24,
    0xff, 0xff, 0xf7, 0x0, 0x0, 0xdf, 0xf2, 0x4f,
    0xff, 0xfd, 0x0, 0x0, 0xd, 0xff, 0x24, 0xff,
    0xff, 0x40, 0x0, 0x0, 0xdf, 0xf2, 0x4f, 0xff,
    0xa0, 0x0, 0x0, 0xd, 0xff, 0x24, 0xff, 0xe1,
    0x0, 0x0, 0x0, 0xdf, 0xf2,

    /* U+041A "К" */
    0x3f, 0xfc, 0x0, 0x0, 0x0, 0xef, 0xfa, 0x3,
    0xff, 0xc0, 0x0, 0x0, 0xaf, 0xfe, 0x10, 0x3f,
    0xfc, 0x0, 0x0, 0x5f, 0xff, 0x30, 0x3, 0xff,
    0xc0, 0x0, 0x2f, 0xff, 0x70, 0x0, 0x3f, 0xfc,
    0x0, 0xc, 0xff, 0xb0, 0x0, 0x3, 0xff, 0xc0,
    0x8, 0xff, 0xe1, 0x0, 0x0, 0x3f, 0xfc, 0x3,
    0xff, 0xf4, 0x0, 0x0, 0x3, 0xff, 0xff, 0xff,
    0xf8, 0x0, 0x0, 0x0, 0x3f, 0xff, 0xff, 0xff,
    0x80, 0x0, 0x0, 0x3, 0xff, 0xe9, 0xaf, 0xff,
    0x40, 0x0, 0x0, 0x3f, 0xfc, 0x0, 0x9f, 0xfe,
    0x10, 0x0, 0x3, 0xff, 0xc0, 0x0, 0xdf, 0xfa,
    0x0, 0x0, 0x3f, 0xfc, 0x0, 0x3, 0xff, 0xf5,
    0x0, 0x3, 0xff, 0xc0, 0x0, 0x7, 0xff, 0xf2,
    0x0, 0x3f, 0xfc, 0x0, 0x0, 0xc, 0xff, 0xc0,
    0x3, 0xff, 0xc0, 0x0, 0x0, 0x1f, 0xff, 0x70,
    0x3f, 0xfc, 0x0, 0x0, 0x0, 0x5f, 0xff, 0x30,

    /* U+041B "Л" */
    0x0, 0x0, 0xdf, 0xff, 0xff, 0xff, 0xff, 0xf2,
    0x0, 0x0, 0xef, 0xff, 0xff, 0xff, 0xff, 0xf2,
    0x0, 0x0, 0xff, 0xf6, 0x66, 0x66, 0xef, 0xf2,
    0x0, 0x0, 0xff, 0xe0, 0x0, 0x0, 0xcf, 0xf2,
    0x0, 0x0, 0xff, 0xd0, 0x0, 0x0, 0xcf, 0xf2,
    0x0, 0x1, 0xff, 0xd0, 0x0, 0x0, 0xcf, 0xf2,
    0x0, 0x1, 0xff, 0xc0, 0x0, 0x0, 0xcf, 0xf2,
    0x0, 0x2, 0xff, 0xb0, 0x0, 0x0, 0xcf, 0xf2,
    0x0, 0x2, 0xff, 0xb0, 0x0, 0x0, 0xcf, 0xf2,
    0x0, 0x4, 0xff, 0xa0, 0x0, 0x0, 0xcf, 0xf2,
    0x0, 0x5, 0xff, 0x80, 0x0, 0x0, 0xcf, 0xf2,
    0x0, 0x7, 0xff, 0x60, 0x0, 0x0, 0xcf, 0xf2,
    0x0, 0xc, 0xff, 0x30, 0x0, 0x0, 0xcf, 0xf2,
    0x0, 0x3f, 0xff, 0x0, 0x0, 0x0, 0xcf, 0xf2,
    0x28, 0xff, 0xf8, 0x0, 0x0, 0x0, 0xcf, 0xf2,
    0x7f, 0xff, 0xd1, 0x0, 0x0, 0x0, 0xcf, 0xf2,
    0x7f, 0xd8, 0x10, 0x0, 0x0, 0x0, 0xcf, 0xf2,

    /* U+041C "М" */
    0x4f, 0xff, 0xc0, 0x0, 0x0, 0x0, 0x0, 0xcf,
    0xff, 0x44, 0xff, 0xff, 0x20, 0x0, 0x0, 0x0,
    0x2f, 0xff, 0xf4, 0x4f, 0xff, 0xf8, 0x0, 0x0,
    0x0, 0x8, 0xff, 0xff, 0x44, 0xff, 0xff, 0xe0,
    0x0, 0x0, 0x0, 0xef, 0xff, 0xf4, 0x4f, 0xfc,
    0xff, 0x40, 0x0, 0x0, 0x4f, 0xfc, 0xff, 0x44,
    0xff, 0x8f, 0xfa, 0x0, 0x0, 0xa, 0xfe, 0x8f,
    0xf4, 0x4f, 0xf7, 0x9f, 0xf1, 0x0, 0x1, 0xff,
    0x98, 0xff, 0x44, 0xff, 0x83, 0xff, 0x60, 0x0,
    0x6f, 0xf3, 0x8f, 0xf4, 0x4f, 0xf9, 0xd, 0xfc,
    0x0, 0xc, 0xfc, 0x9, 0xff, 0x44, 0xff, 0x90,
    0x7f, 0xf2, 0x2, 0xff, 0x60, 0xaf, 0xf4, 0x4f,
    0xfa, 0x1, 0xff, 0x80, 0x8f, 0xf1, 0xa, 0xff,
    0x44, 0xff, 0xa0, 0xb, 0xfe, 0xe, 0xfa, 0x0,
    0xbf, 0xf4, 0x4f, 0xfb, 0x0, 0x4f, 0xf9, 0xff,
    0x40, 0xb, 0xff, 0x44, 0xff, 0xb0, 0x0, 0xef,
    0xff, 0xe0, 0x0, 0xbf, 0xf4, 0x4f, 0xfb, 0x0,
    0x8, 0xff, 0xf8, 0x0, 0xb, 0xff, 0x44, 0xff,
    0xb0, 0x0, 0x2f, 0xff, 0x20, 0x0, 0xbf, 0xf4,
    0x4f, 0xfb, 0x0, 0x0, 0xcf, 0xb0, 0x0, 0xb,
    0xff, 0x40,

    /* U+041D "Н" */
    0x4f, 0xfb, 0x0, 0x0, 0x0, 0xa, 0xff, 0x44,
    0xff, 0xb0, 0x0, 0x0, 0x0, 0xaf, 0xf4, 0x4f,
    0xfb, 0x0, 0x0, 0x0, 0xa, 0xff, 0x44, 0xff,
    0xb0, 0x0, 0x0, 0x0, 0xaf, 0xf4, 0x4f, 0xfb,
    0x0, 0x0, 0x0, 0xa, 0xff, 0x44, 0xff, 0xb0,
    0x0, 0x0, 0x0, 0xaf, 0xf4, 0x4f, 0xfb, 0x0,
    0x0, 0x0, 0xa, 0xff, 0x44, 0xff, 0xff, 0xff,
    0xff, 0xff, 0xff, 0xf4, 0x4f, 0xff, 0xff, 0xff,
    0xff, 0xff, 0xff, 0x44, 0xff, 0xd6, 0x66, 0x66,
    0x66, 0xcf, 0xf4, 0x4f, 0xfb, 0x0, 0x0, 0x0,
    0xa, 0xff, 0x44, 0xff, 0xb0, 0x0, 0x0, 0x0,
    0xaf, 0xf4, 0x4f, 0xfb, 0x0, 0x0, 0x0, 0xa,
    0xff, 0x44, 0xff, 0xb0, 0x0, 0x0, 0x0, 0xaf,
    0xf4, 0x4f, 0xfb, 0x0, 0x0, 0x0, 0xa, 0xff,
    0x44, 0xff, 0xb0, 0x0, 0x0, 0x0, 0xaf, 0xf4,
    0x4f, 0xfb, 0x0, 0x0, 0x0, 0xa, 0xff, 0x40,

    /* U+041E "О" */
    0x0, 0x0, 0x6c, 0xef, 0xda, 0x30, 0x0, 0x0,
    0x2, 0xdf, 0xff, 0xff, 0xff, 0x90, 0x0, 0x1,
    0xef, 0xfe, 0x98, 0xaf, 0xff, 0x90, 0x0, 0xbf,
    0xfa, 0x0, 0x0, 0x3e, 0xff, 0x40, 0x2f, 0xfe,
    0x0, 0x0, 0x0, 0x5f, 0xfb, 0x7, 0xff, 0x80,
    0x0, 0x0, 0x0, 0xef, 0xf0, 0xaf, 0xf4, 0x0,
    0x0, 0x0, 0xb, 0xff, 0x3b, 0xff, 0x20, 0x0,
    0x0, 0x0, 0xaf, 0xf4, 0xcf, 0xf2, 0x0, 0x0,
    0x0, 0x9, 0xff, 0x5c, 0xff, 0x20, 0x0, 0x0,
    0x0, 0xaf, 0xf4, 0xaf, 0xf4, 0x0, 0x0, 0x0,
    0xb, 0xff, 0x37, 0xff, 0x80, 0x0, 0x0, 0x0,
    0xef, 0xf1, 0x2f, 0xfe, 0x0, 0x0, 0x0, 0x5f,
    0xfb, 0x0, 0xbf, 0xfa, 0x0, 0x0, 0x2e, 0xff,
    0x40, 0x1, 0xff, 0xfd, 0x87, 0xaf, 0xff, 0xa0,
    0x0, 0x2, 0xdf, 0xff, 0xff, 0xff, 0x90, 0x0,
    0x0, 0x0, 0x6c, 0xef, 0xda, 0x30, 0x0, 0x0,

    /* U+041F "П" */
    0x3f, 0xff, 0xff, 0xff, 0xff, 0xff, 0xff, 0x33,
    0xff, 0xff, 0xff, 0xff, 0xff, 0xff, 0xf3, 0x3f,
    0xfd, 0x66, 0x66, 0x66, 0x6d, 0xff, 0x33, 0xff,
    0xc0, 0x0, 0x0, 0x0, 0xbf, 0xf3, 0x3f, 0xfc,
    0x0, 0x0, 0x0, 0xb, 0xff, 0x33, 0xff, 0xc0,
    0x0, 0x0, 0x0, 0xbf, 0xf3, 0x3f, 0xfc, 0x0,
    0x0, 0x0, 0xb, 0xff, 0x33, 0xff, 0xc0, 0x0,
    0x0, 0x0, 0xbf, 0xf3, 0x3f, 0xfc, 0x0, 0x0,
    0x0, 0xb, 0xff, 0x33, 0xff, 0xc0, 0x0, 0x0,
    0x0, 0xbf, 0xf3, 0x3f, 0xfc, 0x0, 0x0, 0x0,
    0xb, 0xff, 0x33, 0xff, 0xc0, 0x0, 0x0, 0x0,
    0xbf, 0xf3, 0x3f, 0xfc, 0x0, 0x0, 0x0, 0xb,
    0xff, 0x33, 0xff, 0xc0, 0x0, 0x0, 0x0, 0xbf,
    0xf3, 0x3f, 0xfc, 0x0, 0x0, 0x0, 0xb, 0xff,
    0x33, 0xff, 0xc0, 0x0, 0x0, 0x0, 0xbf, 0xf3,
    0x3f, 0xfc, 0x0, 0x0, 0x0, 0xb, 0xff, 0x30,

    /* U+0420 "Р" */
    0x4f, 0xff, 0xff, 0xff, 0xeb, 0x50, 0x0, 0x4f,
    0xff, 0xff, 0xff, 0xff, 0xfb, 0x0, 0x4f, 0xfd,
    0x66, 0x67, 0x9f, 0xff, 0xa0, 0x4f, 0xfb, 0x0,
    0x0, 0x2, 0xff, 0xf2, 0x4f, 0xfb, 0x0, 0x0,
    0x0, 0xaf, 0xf6, 0x4f, 0xfb, 0x0, 0x0, 0x0,
    0x8f, 0xf7, 0x4f, 0xfb, 0x0, 0x0, 0x0, 0xcf,
    0xf5, 0x4f, 0xfb, 0x0, 0x0, 0x2a, 0xff, 0xf0,
    0x4f, 0xff, 0xff, 0xff, 0xff, 0xff, 0x50, 0x4f,
    0xff, 0xff, 0xff, 0xff, 0xc4, 0x0, 0x4f, 0xfd,
    0x66, 0x65, 0x42, 0x0, 0x0, 0x4f, 0xfb, 0x0,
    0x0, 0x0, 0x0, 0x0, 0x4f, 0xfb, 0x0, 0x0,
    0x0, 0x0, 0x0, 0x4f, 0xfb, 0x0, 0x0, 0x0,
    0x0, 0x0, 0x4f, 0xfb, 0x0, 0x0, 0x0, 0x0,
    0x0, 0x4f, 0xfb, 0x0, 0x0, 0x0, 0x0, 0x0,
    0x4f, 0xfb, 0x0, 0x0, 0x0, 0x0, 0x0,

    /* U+0421 "С" */
    0x0, 0x1, 0x7c, 0xef, 0xea, 0x40, 0x0, 0x0,
    0x3e, 0xff, 0xff, 0xff, 0xfa, 0x0, 0x2, 0xff,
    0xfc, 0x77, 0x9f, 0xff, 0x90, 0xc, 0xff, 0x80,
    0x0, 0x2, 0xff, 0xf2, 0x3f, 0xfd, 0x0, 0x0,
    0x0, 0x8f, 0xf8, 0x8f, 0xf7, 0x0, 0x0, 0x0,
    0x3b, 0xb8, 0xaf, 0xf4, 0x0, 0x0, 0x0, 0x0,
    0x0, 0xcf, 0xf3, 0x0, 0x0, 0x0, 0x0, 0x0,
    0xcf, 0xf2, 0x0, 0x0, 0x0, 0x0, 0x0, 0xcf,
    0xf2, 0x0, 0x0, 0x0, 0x0, 0x0, 0xaf, 0xf4,
    0x0, 0x0, 0x0, 0x0, 0x0, 0x8f, 0xf6, 0x0,
    0x0, 0x0, 0x3a, 0xa7, 0x3f, 0xfc, 0x0, 0x0,
    0x0, 0x8f, 0xf8, 0xd, 0xff, 0x70, 0x0, 0x2,
    0xff, 0xf3, 0x3, 0xff, 0xfb, 0x77, 0x9f, 0xff,
    0x90, 0x0, 0x4f, 0xff, 0xff, 0xff, 0xfa, 0x0,
    0x0, 0x1, 0x8c, 0xef, 0xea, 0x40, 0x0,

    /* U+0422 "Т" */
    0x7f, 0xff, 0xff, 0xff, 0xff, 0xff, 0xff, 0x17,
    0xff, 0xff, 0xff, 0xff, 0xff, 0xff, 0xf1, 0x36,
    0x66, 0x68, 0xff, 0xd6, 0x66, 0x66, 0x0, 0x0,
    0x0, 0x3f, 0xfc, 0x0, 0x0, 0x0, 0x0, 0x0,
    0x3, 0xff, 0xc0, 0x0, 0x0, 0x0, 0x0, 0x0,
    0x3f, 0xfc, 0x0, 0x0, 0x0, 0x0, 0x0, 0x3,
    0xff, 0xc0, 0x0, 0x0, 0x0, 0x0, 0x0, 0x3f,
    0xfc, 0x0, 0x0, 0x0, 0x0, 0x0, 0x3, 0xff,
    0xc0, 0x0, 0x0, 0x0, 0x0, 0x0, 0x3f, 0xfc,
    0x0, 0x0, 0x0, 0x0, 0x0, 0x3, 0xff, 0xc0,
    0x0, 0x0, 0x0, 0x0, 0x0, 0x3f, 0xfc, 0x0,
    0x0, 0x0, 0x0, 0x0, 0x3, 0xff, 0xc0, 0x0,
    0x0, 0x0, 0x0, 0x0, 0x3f, 0xfc, 0x0, 0x0,
    0x0, 0x0, 0x0, 0x3, 0xff, 0xc0, 0x0, 0x0,
    0x0, 0x0, 0x0, 0x3f, 0xfc, 0x0, 0x0, 0x0,
    0x0, 0x0, 0x3, 0xff, 0xc0, 0x0, 0x0, 0x0,

    /* U+0423 "У" */
    0x1f, 0xff, 0x20, 0x0, 0x0, 0xe, 0xff, 0x60,
    0x9f, 0xf9, 0x0, 0x0, 0x4, 0xff, 0xe0, 0x2,
    0xff, 0xf0, 0x0, 0x0, 0xaf, 0xf8, 0x0, 0xa,
    0xff, 0x70, 0x0, 0x1f, 0xff, 0x10, 0x0, 0x2f,
    0xfe, 0x0, 0x6, 0xff, 0xa0, 0x0, 0x0, 0xbf,
    0xf5, 0x0, 0xcf, 0xf3, 0x0, 0x0, 0x3, 0xff,
    0xc0, 0x2f, 0xfd, 0x0, 0x0, 0x0, 0xb, 0xff,
    0x39, 0xff, 0x60, 0x0, 0x0, 0x0, 0x4f, 0xfa,
    0xef, 0xe0, 0x0, 0x0, 0x0, 0x0, 0xcf, 0xff,
    0xf8, 0x0, 0x0, 0x0, 0x0, 0x4, 0xff, 0xff,
    0x10, 0x0, 0x0, 0x0, 0x0, 0xd, 0xff, 0xa0,
    0x0, 0x0, 0x0, 0x0, 0x0, 0xaf, 0xf4, 0x0,
    0x0, 0x0, 0x0, 0x0, 0x1f, 0xfd, 0x0, 0x0,
    0x0, 0x0, 0x5, 0x6d, 0xff, 0x50, 0x0, 0x0,
    0x0, 0x0, 0xef, 0xff, 0xa0, 0x0, 0x0, 0x0,
    0x0, 0xe, 0xfd, 0x70, 0x0, 0x0, 0x0, 0x0,

    /* U+0424 "Ф" */
    0x0, 0x0, 0x0, 0x0, 0x79, 0x90, 0x0, 0x0,
    0x0, 0x0, 0x0, 0x0, 0x0, 0xd, 0xff, 0x0,
    0x0, 0x0, 0x0, 0x0, 0x0, 0x0, 0x35, 0xef,
    0xf6, 0x31, 0x0, 0x0, 0x0, 0x0, 0x8, 0xef,
    0xff, 0xff, 0xff, 0xfa, 0x10, 0x0, 0x0, 0x1c,
    0xff, 0xff, 0xff, 0xff, 0xff, 0xfe, 0x30, 0x0,
    0xb, 0xff, 0xb3, 0xd, 0xff, 0x12, 0x9f, 0xfe,
    0x10, 0x5, 0xff, 0xb0, 0x0, 0xdf, 0xf0, 0x0,
    0x7f, 0xf8, 0x0, 0xbf, 0xf2, 0x0, 0xd, 0xff,
    0x0, 0x0, 0xef, 0xe0, 0xe, 0xfd, 0x0, 0x0,
    0xdf, 0xf0, 0x0, 0xa, 0xff, 0x20, 0xff, 0xc0,
    0x0, 0xd, 0xff, 0x0, 0x0, 0x8f, 0xf3, 0xf,
    0xfc, 0x0, 0x0, 0xdf, 0xf0, 0x0, 0x9, 0xff,
    0x30, 0xef, 0xe0, 0x0, 0xd, 0xff, 0x0, 0x0,
    0xbf, 0xf1, 0x9, 0xff, 0x40, 0x0, 0xdf, 0xf0,
    0x0, 0x1f, 0xfc, 0x0, 0x2f, 0xfe, 0x20, 0xd,
    0xff, 0x0, 0xc, 0xff, 0x50, 0x0, 0x7f, 0xff,
    0x96, 0xef, 0xf7, 0x8e, 0xff, 0xa0, 0x0, 0x0,
    0x7f, 0xff, 0xff, 0xff, 0xff, 0xff, 0xa0, 0x0,
    0x0, 0x0, 0x29, 0xdf, 0xff, 0xff, 0xda, 0x40,
    0x0, 0x0, 0x0, 0x0, 0x0, 0xd, 0xff, 0x0,
    0x0, 0x0, 0x0, 0x0, 0x0, 0x0, 0x0, 0xdf,
    0xf0, 0x0, 0x0, 0x0, 0x0,

    /* U+0425 "Х" */
    0x2f, 0xff, 0x40, 0x0, 0x0, 0x2f, 0xff, 0x40,
    0x7f, 0xfd, 0x0, 0x0, 0xa, 0xff, 0xb0, 0x0,
    0xdf, 0xf7, 0x0, 0x4, 0xff, 0xf1, 0x0, 0x4,
    0xff, 0xf1, 0x0, 0xdf, 0xf7, 0x0, 0x0, 0xa,
    0xff, 0x90, 0x6f, 0xfd, 0x0, 0x0, 0x0, 0x1f,
    0xff, 0x4e, 0xff, 0x40, 0x0, 0x0, 0x0, 0x6f,
    0xff, 0xff, 0xa0, 0x0, 0x0, 0x0, 0x0, 0xcf,
    0xff, 0xe1, 0x0, 0x0, 0x0, 0x0, 0x6, 0xff,
    0xf9, 0x0, 0x0, 0x0, 0x0, 0x0, 0xdf, 0xff,
    0xf2, 0x0, 0x0, 0x0, 0x0, 0x8f, 0xff, 0xff,
    0xb0, 0x0, 0x0, 0x0, 0x2f, 0xff, 0x3e, 0xff,
    0x50, 0x0, 0x0, 0xb, 0xff, 0x90, 0x5f, 0xfe,
    0x0, 0x0, 0x5, 0xff, 0xe1, 0x0, 0xcf, 0xf9,
    0x0, 0x1, 0xef, 0xf6, 0x0, 0x3, 0xff, 0xf3,
    0x0, 0x9f, 0xfc, 0x0, 0x0, 0x9, 0xff, 0xc0,
    0x3f, 0xff, 0x30, 0x0, 0x0, 0x1e, 0xff, 0x60,

    /* U+0426 "Ц" */
    0x4f, 0xfa, 0x0, 0x0, 0x0, 0xd, 0xff, 0x20,
    0x4, 0xff, 0xa0, 0x0, 0x0, 0x0, 0xdf, 0xf2,
    0x0, 0x4f, 0xfa, 0x0, 0x0, 0x0, 0xd, 0xff,
    0x20, 0x4, 0xff, 0xa0, 0x0, 0x0, 0x0, 0xdf,
    0xf2, 0x0, 0x4f, 0xfa, 0x0, 0x0, 0x0, 0xd,
    0xff, 0x20, 0x4, 0xff, 0xa0, 0x0, 0x0, 0x0,
    0xdf, 0xf2, 0x0, 0x4f, 0xfa, 0x0, 0x0, 0x0,
    0xd, 0xff, 0x20, 0x4, 0xff, 0xa0, 0x0, 0x0,
    0x0, 0xdf, 0xf2, 0x0, 0x4f, 0xfa, 0x0, 0x0,
    0x0, 0xd, 0xff, 0x20, 0x4, 0xff, 0xa0, 0x0,
    0x0, 0x0, 0xdf, 0xf2, 0x0, 0x4f, 0xfa, 0x0,
    0x0, 0x0, 0xd, 0xff, 0x20, 0x4, 0xff, 0xa0,
    0x0, 0x0, 0x0, 0xdf, 0xf2, 0x0, 0x4f, 0xfa,
    0x0, 0x0, 0x0, 0xd, 0xff, 0x20, 0x4, 0xff,
    0xa0, 0x0, 0x0, 0x0, 0xdf, 0xf2, 0x0, 0x4f,
    0xfc, 0x66, 0x66, 0x66, 0x6e, 0xff, 0x76, 0x14,
    0xff, 0xff, 0xff, 0xff, 0xff, 0xff, 0xff, 0xf2,
    0x4f, 0xff, 0xff, 0xff, 0xff, 0xff, 0xff, 0xff,
    0x20, 0x0, 0x0, 0x0, 0x0, 0x0, 0x0, 0xbf,
    0xf1, 0x0, 0x0, 0x0, 0x0, 0x0, 0x0, 0xb,
    0xff, 0x10, 0x0, 0x0, 0x0, 0x0, 0x0, 0x0,
    0xbf, 0xf0, 0x0, 0x0, 0x0, 0x0, 0x0, 0x0,
    0xb, 0xff, 0x0, 0x0, 0x0, 0x0, 0x0, 0x0,
    0x0, 0x12, 0x20,

    /* U+0427 "Ч" */
    0x5f, 0xfa, 0x0, 0x0, 0x0, 0x2f, 0xfc, 0x5f,
    0xfa, 0x0, 0x0, 0x0, 0x2f, 0xfc, 0x5f, 0xfa,
    0x0, 0x0, 0x0, 0x2f, 0xfc, 0x5f, 0xfa, 0x0,
    0x0, 0x0, 0x2f, 0xfc, 0x5f, 0xfa, 0x0, 0x0,
    0x0, 0x2f, 0xfc, 0x5f, 0xfa, 0x0, 0x0, 0x0,
    0x2f, 0xfc, 0x4f, 0xfb, 0x0, 0x0, 0x0, 0x2f,
    0xfc, 0xf, 0xff, 0x20, 0x0, 0x0, 0x2f, 0xfc,
    0xa, 0xff, 0xe9, 0x67, 0x8a, 0xdf, 0xfc, 0x1,
    0xcf, 0xff, 0xff, 0xff, 0xff, 0xfc, 0x0, 0x6,
    0xbe, 0xff, 0xec, 0xaf, 0xfc, 0x0, 0x0, 0x0,
    0x0, 0x0, 0x2f, 0xfc, 0x0, 0x0, 0x0, 0x0,
    0x0, 0x2f, 0xfc, 0x0, 0x0, 0x0, 0x0, 0x0,
    0x2f, 0xfc, 0x0, 0x0, 0x0, 0x0, 0x0, 0x2f,
    0xfc, 0x0, 0x0, 0x0, 0x0, 0x0, 0x2f, 0xfc,
    0x0, 0x0, 0x0, 0x0, 0x0, 0x2f, 0xfc,

    /* U+0428 "Ш" */
    0x3f, 0xfc, 0x0, 0x0, 0xf, 0xfe, 0x0, 0x0,
    0xe, 0xff, 0x3, 0xff, 0xc0, 0x0, 0x0, 0xff,
    0xe0, 0x0, 0x0, 0xef, 0xf0, 0x3f, 0xfc, 0x0,
    0x0, 0xf, 0xfe, 0x0, 0x0, 0xe, 0xff, 0x3,
    0xff, 0xc0, 0x0, 0x0, 0xff, 0xe0, 0x0, 0x0,
    0xef, 0xf0, 0x3f, 0xfc, 0x0, 0x0, 0xf, 0xfe,
    0x0, 0x0, 0xe, 0xff, 0x3, 0xff, 0xc0, 0x0,
    0x0, 0xff, 0xe0, 0x0, 0x0, 0xef, 0xf0, 0x3f,
    0xfc, 0x0, 0x0, 0xf, 0xfe, 0x0, 0x0, 0xe,
    0xff, 0x3, 0xff, 0xc0, 0x0, 0x0, 0xff, 0xe0,
    0x0, 0x0, 0xef, 0xf0, 0x3f, 0xfc, 0x0, 0x0,
    0xf, 0xfe, 0x0, 0x0, 0xe, 0xff, 0x3, 0xff,
    0xc0, 0x0, 0x0, 0xff, 0xe0, 0x0, 0x0, 0xef,
    0xf0, 0x3f, 0xfc, 0x0, 0x0, 0xf, 0xfe, 0x0,
    0x0, 0xe, 0xff, 0x3, 0xff, 0xc0, 0x0, 0x0,
    0xff, 0xe0, 0x0, 0x0, 0xef, 0xf0, 0x3f, 0xfc,
    0x0, 0x0, 0xf, 0xfe, 0x0, 0x0, 0xe, 0xff,
    0x3, 0xff, 0xc0, 0x0, 0x0, 0xff, 0xe0, 0x0,
    0x0, 0xef, 0xf0, 0x3f, 0xfd, 0x66, 0x66, 0x6f,
    0xff, 0x66, 0x66, 0x6f, 0xff, 0x3, 0xff, 0xff,
    0xff, 0xff, 0xff, 0xff, 0xff, 0xff, 0xff, 0xf0,
    0x3f, 0xff, 0xff, 0xff, 0xff, 0xff, 0xff, 0xff,
    0xff, 0xff, 0x0,

    /* U+0429 "Щ" */
    0x3f, 0xfc, 0x0, 0x0, 0xf, 0xfe, 0x0, 0x0,
    0xe, 0xff, 0x0, 0x3, 0xff, 0xc0, 0x0, 0x0,
    0xff, 0xe0, 0x0, 0x0, 0xef, 0xf0, 0x0, 0x3f,
    0xfc, 0x0, 0x0, 0xf, 0xfe, 0x0, 0x0, 0xe,
    0xff, 0x0, 0x3, 0xff, 0xc0, 0x0, 0x0, 0xff,
    0xe0, 0x0, 0x0, 0xef, 0xf0, 0x0, 0x3f, 0xfc,
    0x0, 0x0, 0xf, 0xfe, 0x0, 0x0, 0xe, 0xff,
    0x0, 0x3, 0xff, 0xc0, 0x0, 0x0, 0xff, 0xe0,
    0x0, 0x0, 0xef, 0xf0, 0x0, 0x3f, 0xfc, 0x0,
    0x0, 0xf, 0xfe, 0x0, 0x0, 0xe, 0xff, 0x0,
    0x3, 0xff, 0xc0, 0x0, 0x0, 0xff, 0xe0, 0x0,
    0x0, 0xef, 0xf0, 0x0, 0x3f, 0xfc, 0x0, 0x0,
    0xf, 0xfe, 0x0, 0x0, 0xe, 0xff, 0x0, 0x3,
    0xff, 0xc0, 0x0, 0x0, 0xff, 0xe0, 0x0, 0x0,
    0xef, 0xf0, 0x0, 0x3f, 0xfc, 0x0, 0x0, 0xf,
    0xfe, 0x0, 0x0, 0xe, 0xff, 0x0, 0x3, 0xff,
    0xc0, 0x0, 0x0, 0xff, 0xe0, 0x0, 0x0, 0xef,
    0xf0, 0x0, 0x3f, 0xfc, 0x0, 0x0, 0xf, 0xfe,
    0x0, 0x0, 0xe, 0xff, 0x0, 0x3, 0xff, 0xc0,
    0x0, 0x0, 0xff, 0xe0, 0x0, 0x0, 0xef, 0xf0,
    0x0, 0x3f, 0xfd, 0x66, 0x66, 0x6f, 0xff, 0x66,
    0x66, 0x6f, 0xff, 0x66, 0x3, 0xff, 0xff, 0xff,
    0xff, 0xff, 0xff, 0xff, 0xff, 0xff, 0xff, 0xf0,
    0x3f, 0xff, 0xff, 0xff, 0xff, 0xff, 0xff, 0xff,
    0xff, 0xff, 0xff, 0x0, 0x0, 0x0, 0x0, 0x0,
    0x0, 0x0, 0x0, 0x0, 0x0, 0xdf, 0xe0, 0x0,
    0x0, 0x0, 0x0, 0x0, 0x0, 0x0, 0x0, 0x0,
    0xd, 0xfe, 0x0, 0x0, 0x0, 0x0, 0x0, 0x0,
    0x0, 0x0, 0x0, 0x0, 0xdf, 0xd0, 0x0, 0x0,
    0x0, 0x0, 0x0, 0x0, 0x0, 0x0, 0x0, 0xd,
    0xfd, 0x0, 0x0, 0x0, 0x0, 0x0, 0x0, 0x0,
    0x0, 0x0, 0x0, 0x12, 0x10,

    /* U+042A "Ъ" */
    0xbf, 0xff, 0xff, 0xfd, 0x0, 0x0, 0x0, 0x0,
    0x0, 0xbf, 0xff, 0xff, 0xfd, 0x0, 0x0, 0x0,
    0x0, 0x0, 0x35, 0x55, 0x6f, 0xfd, 0x0, 0x0,
    0x0, 0x0, 0x0, 0x0, 0x0, 0x1f, 0xfd, 0x0,
    0x0, 0x0, 0x0, 0x0, 0x0, 0x0, 0x1f, 0xfd,
    0x0, 0x0, 0x0, 0x0, 0x0, 0x0, 0x0, 0x1f,
    0xfd, 0x0, 0x0, 0x0, 0x0, 0x0, 0x0, 0x0,
    0x1f, 0xfe, 0x66, 0x66, 0x41, 0x0, 0x0, 0x0,
    0x0, 0x1f, 0xff, 0xff, 0xff, 0xff, 0xc3, 0x0,
    0x0, 0x0, 0x1f, 0xff, 0xff, 0xff, 0xff, 0xff,
    0x40, 0x0, 0x0, 0x1f, 0xfd, 0x0, 0x0, 0x2a,
    0xff, 0xe0, 0x0, 0x0, 0x1f, 0xfd, 0x0, 0x0,
    0x0, 0xcf, 0xf4, 0x0, 0x0, 0x1f, 0xfd, 0x0,
    0x0, 0x0, 0x8f, 0xf7, 0x0, 0x0, 0x1f, 0xfd,
    0x0, 0x0, 0x0, 0x9f, 0xf6, 0x0, 0x0, 0x1f,
    0xfd, 0x0, 0x0, 0x2, 0xff, 0xf3, 0x0, 0x0,
    0x1f, 0xfe, 0x55, 0x56, 0x8f, 0xff, 0xb0, 0x0,
    0x0, 0x1f, 0xff, 0xff, 0xff, 0xff, 0xfc, 0x10,
    0x0, 0x0, 0x1f, 0xff, 0xff, 0xff, 0xeb, 0x60,
    0x0,

    /* U+042B "Ы" */
    0x3f, 0xfc, 0x0, 0x0, 0x0, 0x0, 0x0, 0xe,
    0xff, 0x3, 0xff, 0xc0, 0x0, 0x0, 0x0, 0x0,
    0x0, 0xef, 0xf0, 0x3f, 0xfc, 0x0, 0x0, 0x0,
    0x0, 0x0, 0xe, 0xff, 0x3, 0xff, 0xc0, 0x0,
    0x0, 0x0, 0x0, 0x0, 0xef, 0xf0, 0x3f, 0xfc,
    0x0, 0x0, 0x0, 0x0, 0x0, 0xe, 0xff, 0x3,
    0xff, 0xc0, 0x0, 0x0, 0x0, 0x0, 0x0, 0xef,
    0xf0, 0x3f, 0xfd, 0x66, 0x66, 0x41, 0x0, 0x0,
    0xe, 0xff, 0x3, 0xff, 0xff, 0xff, 0xff, 0xfb,
    0x20, 0x0, 0xef, 0xf0, 0x3f, 0xff, 0xff, 0xff,
    0xff, 0xff, 0x30, 0xe, 0xff, 0x3, 0xff, 0xc0,
    0x0, 0x3, 0xbf, 0xfd, 0x0, 0xef, 0xf0, 0x3f,
    0xfc, 0x0, 0x0, 0x0, 0xdf, 0xf3, 0xe, 0xff,
    0x3, 0xff, 0xc0, 0x0, 0x0, 0x9, 0xff, 0x50,
    0xef, 0xf0, 0x3f, 0xfc, 0x0, 0x0, 0x0, 0xbf,
    0xf5, 0xe, 0xff, 0x3, 0xff, 0xc0, 0x0, 0x0,
    0x3f, 0xff, 0x10, 0xef, 0xf0, 0x3f, 0xfd, 0x55,
    0x56, 0x9f, 0xff, 0xa0, 0xe, 0xff, 0x3, 0xff,
    0xff, 0xff, 0xff, 0xff, 0xb0, 0x0, 0xef, 0xf0,
    0x3f, 0xff, 0xff, 0xff, 0xeb, 0x50, 0x0, 0xe,
    0xff, 0x0,

    /* U+042C "Ь" */
    0x5f, 0xfa, 0x0, 0x0, 0x0, 0x0, 0x0, 0x5f,
    0xfa, 0x0, 0x0, 0x0, 0x0, 0x0, 0x5f, 0xfa,
    0x0, 0x0, 0x0, 0x0, 0x0, 0x5f, 0xfa, 0x0,
    0x0, 0x0, 0x0, 0x0, 0x5f, 0xfa, 0x0, 0x0,
    0x0, 0x0, 0x0, 0x5f, 0xfa, 0x0, 0x0, 0x0,
    0x0, 0x0, 0x5f, 0xfc, 0x66, 0x65, 0x41, 0x0,
    0x0, 0x5f, 0xff, 0xff, 0xff, 0xff, 0xa1, 0x0,
    0x5f, 0xff, 0xff, 0xff, 0xff, 0xfe, 0x20, 0x5f,
    0xfa, 0x0, 0x0, 0x3c, 0xff, 0xb0, 0x5f, 0xfa,
    0x0, 0x0, 0x1, 0xef, 0xf1, 0x5f, 0xfa, 0x0,
    0x0, 0x0, 0xbf, 0xf3, 0x5f, 0xfa, 0x0, 0x0,
    0x0, 0xdf, 0xf3, 0x5f, 0xfa, 0x0, 0x0, 0x4,
    0xff, 0xf0, 0x5f, 0xfc, 0x55, 0x56, 0x9f, 0xff,
    0x80, 0x5f, 0xff, 0xff, 0xff, 0xff, 0xfa, 0x0,
    0x5f, 0xff, 0xff, 0xff, 0xea, 0x40, 0x0,

    /* U+042D "Э" */
    0x0, 0x4, 0xae, 0xfe, 0xc7, 0x10, 0x0, 0x0,
    0xbf, 0xff, 0xff, 0xff, 0xe3, 0x0, 0xa, 0xff,
    0xf9, 0x77, 0xbf, 0xff, 0x20, 0x3f, 0xfe, 0x10,
    0x0, 0x6, 0xff, 0xc0, 0x8f, 0xf7, 0x0, 0x0,
    0x0, 0xbf, 0xf3, 0x57, 0x72, 0x0, 0x0, 0x0,
    0x5f, 0xf8, 0x0, 0x0, 0x0, 0x0, 0x0, 0x3f,
    0xfb, 0x0, 0x0, 0x2f, 0xff, 0xff, 0xff, 0xfc,
    0x0, 0x0, 0x2f, 0xff, 0xff, 0xff, 0xfd, 0x0,
    0x0, 0x16, 0x66, 0x66, 0x8f, 0xfc, 0x0, 0x0,
    0x0, 0x0, 0x0, 0x3f, 0xfb, 0x8d, 0xd3, 0x0,
    0x0, 0x0, 0x6f, 0xf8, 0x7f, 0xf8, 0x0, 0x0,
    0x0, 0xcf, 0xf4, 0x2f, 0xfe, 0x20, 0x0, 0x7,
    0xff, 0xd0, 0x8, 0xff, 0xf9, 0x66, 0xbf, 0xff,
    0x30, 0x0, 0x9f, 0xff, 0xff, 0xff, 0xf4, 0x0,
    0x0, 0x4, 0xae, 0xfe, 0xc8, 0x10, 0x0,

    /* U+042E "Ю" */
    0x2f, 0xfd, 0x0, 0x0, 0x2, 0x8d, 0xff, 0xd8,
    0x20, 0x0, 0x2, 0xff, 0xd0, 0x0, 0x7, 0xff,
    0xff, 0xff, 0xff, 0x50, 0x0, 0x2f, 0xfd, 0x0,
    0x7, 0xff, 0xf8, 0x44, 0x8f, 0xff, 0x50, 0x2,
    0xff, 0xd0, 0x2, 0xff, 0xf3, 0x0, 0x0, 0x3f,
    0xfe, 0x10, 0x2f, 0xfd, 0x0, 0x9f, 0xf9, 0x0,
    0x0, 0x0, 0x8f, 0xf6, 0x2, 0xff, 0xd0, 0xd,
    0xff, 0x30, 0x0, 0x0, 0x2, 0xff, 0xc0, 0x2f,
    0xfd, 0x0, 0xff, 0xf0, 0x0, 0x0, 0x0, 0xf,
    0xfe, 0x2, 0xff, 0xff, 0xff, 0xfe, 0x0, 0x0,
    0x0, 0x0, 0xef, 0xf0, 0x2f, 0xff, 0xff, 0xff,
    0xe0, 0x0, 0x0, 0x0, 0xe, 0xff, 0x12, 0xff,
    0xe5, 0x5f, 0xfe, 0x0, 0x0, 0x0, 0x0, 0xef,
    0xf0, 0x2f, 0xfd, 0x0, 0xdf, 0xf0, 0x0, 0x0,
    0x0, 0xf, 0xfe, 0x2, 0xff, 0xd0, 0xa, 0xff,
    0x40, 0x0, 0x0, 0x3, 0xff, 0xc0, 0x2f, 0xfd,
    0x0, 0x4f, 0xfa, 0x0, 0x0, 0x0, 0x9f, 0xf7,
    0x2, 0xff, 0xd0, 0x0, 0xdf, 0xf6, 0x0, 0x0,
    0x5f, 0xfe, 0x10, 0x2f, 0xfd, 0x0, 0x3, 0xff,
    0xfc, 0x87, 0xbf, 0xff, 0x50, 0x2, 0xff, 0xd0,
    0x0, 0x3, 0xef, 0xff, 0xff, 0xff, 0x60, 0x0,
    0x2f, 0xfd, 0x0, 0x0, 0x1, 0x7c, 0xef, 0xd8,
    0x20, 0x0, 0x0,

    /* U+042F "Я" */
    0x0, 0x2, 0x9d, 0xff, 0xff, 0xff, 0xf1, 0x0,
    0x5f, 0xff, 0xff, 0xff, 0xff, 0xf1, 0x2, 0xff,
    0xfd, 0x86, 0x66, 0xef, 0xf1, 0x9, 0xff, 0xb0,
    0x0, 0x0, 0xdf, 0xf1, 0xc, 0xff, 0x40, 0x0,
    0x0, 0xdf, 0xf1, 0xb, 0xff, 0x30, 0x0, 0x0,
    0xdf, 0xf1, 0x8, 0xff, 0x70, 0x0, 0x0, 0xdf,
    0xf1, 0x2, 0xff, 0xf7, 0x10, 0x0, 0xdf, 0xf1,
    0x0, 0x4e, 0xff, 0xff, 0xff, 0xff, 0xf1, 0x0,
    0x1, 0xff, 0xff, 0xff, 0xff, 0xf1, 0x0, 0x5,
    0xff, 0xc5, 0x55, 0xef, 0xf1, 0x0, 0xd, 0xff,
    0x40, 0x0, 0xdf, 0xf1, 0x0, 0x5f, 0xfc, 0x0,
    0x0, 0xdf, 0xf1, 0x0, 0xdf, 0xf4, 0x0, 0x0,
    0xdf, 0xf1, 0x5, 0xff, 0xc0, 0x0, 0x0, 0xdf,
    0xf1, 0xd, 0xff, 0x40, 0x0, 0x0, 0xdf, 0xf1,
    0x6f, 0xfc, 0x0, 0x0, 0x0, 0xdf, 0xf1,

    /* U+0430 "а" */
    0x0, 0x4b, 0xff, 0xb2, 0x8f, 0xf0, 0x0, 0x6f,
    0xff, 0xff, 0xec, 0xff, 0x0, 0x1f, 0xff, 0x95,
    0x7e, 0xff, 0xf0, 0x8, 0xff, 0x90, 0x0, 0x2f,
    0xff, 0x0, 0xcf, 0xf2, 0x0, 0x0, 0xef, 0xf0,
    0xe, 0xff, 0x0, 0x0, 0xe, 0xff, 0x0, 0xff,
    0xd0, 0x0, 0x0, 0xef, 0xf0, 0xf, 0xfe, 0x0,
    0x0, 0xe, 0xff, 0x0, 0xdf, 0xf1, 0x0, 0x0,
    0xef, 0xf0, 0x9, 0xff, 0x90, 0x0, 0x3f, 0xff,
    0x0, 0x3f, 0xff, 0xb7, 0x9f, 0xff, 0xf9, 0x10,
    0x7f, 0xff, 0xff, 0xe8, 0xff, 0xf4, 0x0, 0x5c,
    0xff, 0xb2, 0x8, 0xfe, 0x40,

    /* U+0431 "б" */
    0x0, 0x0, 0x0, 0x0, 0x58, 0x50, 0x0, 0x0,
    0x0, 0x4, 0xef, 0x90, 0x0, 0x0, 0x5a, 0xef,
    0xff, 0x30, 0x0, 0x2d, 0xff, 0xff, 0xe5, 0x0,
    0x1, 0xef, 0xfc, 0x73, 0x0, 0x0, 0xa, 0xfe,
    0x30, 0x0, 0x0, 0x0, 0x1f, 0xf3, 0x3, 0x42,
    0x0, 0x0, 0x6f, 0xb6, 0xef, 0xff, 0xe5, 0x0,
    0xaf, 0xef, 0xff, 0xff, 0xff, 0x60, 0xcf, 0xff,
    0x61, 0x18, 0xff, 0xf1, 0xef, 0xf6, 0x0, 0x0,
    0xaf, 0xf6, 0xef, 0xf1, 0x0, 0x0, 0x4f, 0xf9,
    0xef, 0xf0, 0x0, 0x0, 0x2f, 0xfa, 0xdf, 0xf0,
    0x0, 0x0, 0x2f, 0xfa, 0xbf, 0xf2, 0x0, 0x0,
    0x5f, 0xf8, 0x6f, 0xf9, 0x0, 0x0, 0xcf, 0xf3,
    0xd, 0xff, 0xa5, 0x6c, 0xff, 0xb0, 0x2, 0xef,
    0xff, 0xff, 0xfc, 0x10, 0x0, 0x18, 0xdf, 0xfc,
    0x70, 0x0,

    /* U+0432 "в" */
    0x5f, 0xff, 0xff, 0xfd, 0x92, 0x0, 0x5f, 0xff,
    0xff, 0xff, 0xff, 0x40, 0x5f, 0xfa, 0x44, 0x5a,
    0xff, 0xd0, 0x5f, 0xf8, 0x0, 0x0, 0xdf, 0xf1,
    0x5f, 0xf8, 0x0, 0x0, 0xcf, 0xf0, 0x5f, 0xf8,
    0x0, 0x17, 0xff, 0xa0, 0x5f, 0xff, 0xff, 0xff,
    0xf9, 0x0, 0x5f, 0xff, 0xff, 0xff, 0xfe, 0x70,
    0x5f, 0xf8, 0x0, 0x1, 0x9f, 0xf5, 0x5f, 0xf8,
    0x0, 0x0, 0x3f, 0xfa, 0x5f, 0xfa, 0x44, 0x45,
    0xcf, 0xf8, 0x5f, 0xff, 0xff, 0xff, 0xff, 0xe1,
    0x5f, 0xff, 0xff, 0xff, 0xd8, 0x10,

    /* U+0433 "г" */
    0x7f, 0xff, 0xff, 0xff, 0xe7, 0xff, 0xff, 0xff,
    0xfe, 0x7f, 0xf9, 0x44, 0x44, 0x47, 0xff, 0x60,
    0x0, 0x0, 0x7f, 0xf6, 0x0, 0x0, 0x7, 0xff,
    0x60, 0x0, 0x0, 0x7f, 0xf6, 0x0, 0x0, 0x7,
    0xff, 0x60, 0x0, 0x0, 0x7f, 0xf6, 0x0, 0x0,
    0x7, 0xff, 0x60, 0x0, 0x0, 0x7f, 0xf6, 0x0,
    0x0, 0x7, 0xff, 0x60, 0x0, 0x0, 0x7f, 0xf6,
    0x0, 0x0, 0x0,

    /* U+0434 "д" */
    0x0, 0x4, 0xff, 0xff, 0xff, 0xff, 0x80, 0x0,
    0x0, 0x4f, 0xff, 0xff, 0xff, 0xf8, 0x0, 0x0,
    0x5, 0xff, 0xb7, 0x79, 0xff, 0x80, 0x0, 0x0,
    0x5f, 0xf7, 0x0, 0x4f, 0xf8, 0x0, 0x0, 0x6,
    0xff, 0x70, 0x4, 0xff, 0x80, 0x0, 0x0, 0x7f,
    0xf6, 0x0, 0x4f, 0xf8, 0x0, 0x0, 0x8, 0xff,
    0x40, 0x4, 0xff, 0x80, 0x0, 0x0, 0xcf, 0xf1,
    0x0, 0x4f, 0xf8, 0x0, 0x0, 0x1f, 0xfd, 0x0,
    0x4, 0xff, 0x80, 0x0, 0x9, 0xff, 0x70, 0x0,
    0x4f, 0xf8, 0x0, 0x27, 0xff, 0xf5, 0x44, 0x47,
    0xff, 0xa4, 0x18, 0xff, 0xff, 0xff, 0xff, 0xff,
    0xff, 0xf5, 0x8f, 0xff, 0xff, 0xff, 0xff, 0xff,
    0xff, 0x58, 0xff, 0x50, 0x0, 0x0, 0x0, 0x8f,
    0xf5, 0x8f, 0xf5, 0x0, 0x0, 0x0, 0x8, 0xff,
    0x58, 0xff, 0x50, 0x0, 0x0, 0x0, 0x8f, 0xf5,
    0x6c, 0xc4, 0x0, 0x0, 0x0, 0x6, 0xcc, 0x30,

    /* U+0435 "е" */
    0x0, 0x1, 0x7d, 0xfe, 0xb5, 0x0, 0x0, 0x2,
    0xdf, 0xff, 0xff, 0xf9, 0x0, 0x0, 0xdf, 0xf9,
    0x56, 0xdf, 0xf5, 0x0, 0x6f, 0xf7, 0x0, 0x2,
    0xff, 0xc0, 0xc, 0xff, 0x0, 0x0, 0xc, 0xff,
    0x0, 0xef, 0xff, 0xff, 0xff, 0xff, 0xf1, 0xf,
    0xff, 0xff, 0xff, 0xff, 0xff, 0x20, 0xff, 0xf1,
    0x11, 0x11, 0x11, 0x10, 0xd, 0xff, 0x20, 0x0,
    0x0, 0x0, 0x0, 0x8f, 0xfb, 0x0, 0x0, 0x2b,
    0x0, 0x1, 0xef, 0xfc, 0x65, 0x8f, 0xfb, 0x0,
    0x3, 0xef, 0xff, 0xff, 0xfe, 0x30, 0x0, 0x1,
    0x8d, 0xff, 0xd8, 0x10, 0x0,

    /* U+0436 "ж" */
    0x2f, 0xff, 0x50, 0x0, 0xbf, 0xf1, 0x0, 0xe,
    0xff, 0x80, 0x8, 0xff, 0xd0, 0x0, 0xbf, 0xf1,
    0x0, 0x7f, 0xfd, 0x0, 0x0, 0xdf, 0xf6, 0x0,
    0xbf, 0xf1, 0x1, 0xef, 0xf4, 0x0, 0x0, 0x4f,
    0xfe, 0x0, 0xbf, 0xf1, 0x8, 0xff, 0xa0, 0x0,
    0x0, 0xa, 0xff, 0x70, 0xbf, 0xf1, 0x1f, 0xff,
    0x10, 0x0, 0x0, 0x1, 0xff, 0xea, 0xef, 0xfa,
    0xcf, 0xf6, 0x0, 0x0, 0x0, 0x0, 0x9f, 0xff,
    0xff, 0xff, 0xff, 0xf0, 0x0, 0x0, 0x0, 0x2,
    0xff, 0xff, 0xff, 0xff, 0xff, 0xf8, 0x0, 0x0,
    0x0, 0xb, 0xff, 0x70, 0xbf, 0xf1, 0x1f, 0xff,
    0x20, 0x0, 0x0, 0x6f, 0xfd, 0x0, 0xbf, 0xf1,
    0x8, 0xff, 0xc0, 0x0, 0x1, 0xef, 0xf4, 0x0,
    0xbf, 0xf1, 0x0, 0xef, 0xf7, 0x0, 0xa, 0xff,
    0xb0, 0x0, 0xbf, 0xf1, 0x0, 0x5f, 0xff, 0x20,
    0x5f, 0xff, 0x20, 0x0, 0xbf, 0xf1, 0x0, 0xb,
    0xff, 0xb0,

    /* U+0437 "з" */
    0x0, 0x8, 0xdf, 0xfe, 0xa3, 0x0, 0x1, 0xdf,
    0xff, 0xff, 0xff, 0x50, 0xa, 0xff, 0xb4, 0x38,
    0xff, 0xe0, 0x8, 0xa9, 0x0, 0x0, 0xdf, 0xf0,
    0x0, 0x0, 0x0, 0x4, 0xff, 0xc0, 0x0, 0x0,
    0xcf, 0xff, 0xfc, 0x10, 0x0, 0x0, 0xcf, 0xff,
    0xfd, 0x20, 0x0, 0x0, 0x1, 0x15, 0xff, 0xe0,
    0x2, 0x21, 0x0, 0x0, 0x9f, 0xf3, 0xf, 0xfe,
    0x0, 0x0, 0xbf, 0xf3, 0xb, 0xff, 0xb4, 0x38,
    0xff, 0xf0, 0x2, 0xef, 0xff, 0xff, 0xff, 0x50,
    0x0, 0x7, 0xcf, 0xfe, 0xa2, 0x0,

    /* U+0438 "и" */
    0x6f, 0xf6, 0x0, 0x0, 0xef, 0xf3, 0x6f, 0xf6,
    0x0, 0x7, 0xff, 0xf3, 0x6f, 0xf6, 0x0, 0x1f,
    0xff, 0xf3, 0x6f, 0xf6, 0x0, 0xaf, 0xff, 0xf3,
    0x6f, 0xf6, 0x3, 0xff, 0xdf, 0xf3, 0x6f, 0xf6,
    0xc, 0xfb, 0xaf, 0xf3, 0x6f, 0xf6, 0x5f, 0xf2,
    0xaf, 0xf3, 0x6f, 0xf7, 0xef, 0x80, 0xaf, 0xf3,
    0x6f, 0xfd, 0xfe, 0x10, 0xaf, 0xf3, 0x6f, 0xff,
    0xf6, 0x0, 0xaf, 0xf3, 0x6f, 0xff, 0xd0, 0x0,
    0xaf, 0xf3, 0x6f, 0xff, 0x40, 0x0, 0xaf, 0xf3,
    0x6f, 0xfb, 0x0, 0x0, 0xaf, 0xf3,

    /* U+0439 "й" */
    0x0, 0xcf, 0x90, 0x1b, 0xfa, 0x0, 0x0, 0x4f,
    0xff, 0xff, 0xf3, 0x0, 0x0, 0x1, 0x7a, 0x97,
    0x10, 0x0, 0x0, 0x0, 0x0, 0x0, 0x0, 0x0,
    0x6f, 0xf6, 0x0, 0x0, 0xef, 0xf3, 0x6f, 0xf6,
    0x0, 0x7, 0xff, 0xf3, 0x6f, 0xf6, 0x0, 0x1f,
    0xff, 0xf3, 0x6f, 0xf6, 0x0, 0xaf, 0xff, 0xf3,
    0x6f, 0xf6, 0x3, 0xff, 0xdf, 0xf3, 0x6f, 0xf6,
    0xc, 0xfb, 0xaf, 0xf3, 0x6f, 0xf6, 0x5f, 0xf2,
    0xaf, 0xf3, 0x6f, 0xf7, 0xef, 0x80, 0xaf, 0xf3,
    0x6f, 0xfd, 0xfe, 0x10, 0xaf, 0xf3, 0x6f, 0xff,
    0xf6, 0x0, 0xaf, 0xf3, 0x6f, 0xff, 0xd0, 0x0,
    0xaf, 0xf3, 0x6f, 0xff, 0x40, 0x0, 0xaf, 0xf3,
    0x6f, 0xfb, 0x0, 0x0, 0xaf, 0xf3,

    /* U+043A "к" */
    0x5f, 0xf8, 0x0, 0x1, 0xff, 0xf7, 0x5, 0xff,
    0x80, 0x0, 0xbf, 0xfb, 0x0, 0x5f, 0xf8, 0x0,
    0x5f, 0xfe, 0x10, 0x5, 0xff, 0x80, 0x1e, 0xff,
    0x40, 0x0, 0x5f, 0xf8, 0xa, 0xff, 0x90, 0x0,
    0x5, 0xff, 0xda, 0xff, 0xd0, 0x0, 0x0, 0x5f,
    0xff, 0xff, 0xf6, 0x0, 0x0, 0x5, 0xff, 0xff,
    0xff, 0xe1, 0x0, 0x0, 0x5f, 0xf8, 0xa, 0xff,
    0xc0, 0x0, 0x5, 0xff, 0x80, 0x1e, 0xff, 0x80,
    0x0, 0x5f, 0xf8, 0x0, 0x4f, 0xff, 0x40, 0x5,
    0xff, 0x80, 0x0, 0x9f, 0xfe, 0x10, 0x5f, 0xf8,
    0x0, 0x0, 0xdf, 0xfc, 0x0,

    /* U+043B "л" */
    0x0, 0xe, 0xff, 0xff, 0xff, 0xff, 0x30, 0x0,
    0xff, 0xff, 0xff, 0xff, 0xf3, 0x0, 0xf, 0xfd,
    0x44, 0x4b, 0xff, 0x30, 0x0, 0xff, 0xb0, 0x0,
    0x9f, 0xf3, 0x0, 0x1f, 0xfa, 0x0, 0x9, 0xff,
    0x30, 0x1, 0xff, 0xa0, 0x0, 0x9f, 0xf3, 0x0,
    0x2f, 0xf9, 0x0, 0x9, 0xff, 0x30, 0x4, 0xff,
    0x70, 0x0, 0x9f, 0xf3, 0x0, 0x7f, 0xf5, 0x0,
    0x9, 0xff, 0x30, 0xc, 0xff, 0x20, 0x0, 0x9f,
    0xf3, 0x4b, 0xff, 0xd0, 0x0, 0x9, 0xff, 0x39,
    0xff, 0xf5, 0x0, 0x0, 0x9f, 0xf3, 0x9f, 0xd5,
    0x0, 0x0, 0x9, 0xff, 0x30,

    /* U+043C "м" */
    0x5f, 0xff, 0x70, 0x0, 0x0, 0x7, 0xff, 0xf4,
    0x5f, 0xff, 0xd0, 0x0, 0x0, 0xd, 0xff, 0xf4,
    0x5f, 0xff, 0xf4, 0x0, 0x0, 0x4f, 0xff, 0xf4,
    0x5f, 0xff, 0xfa, 0x0, 0x0, 0xbf, 0xff, 0xf4,
    0x5f, 0xfe, 0xff, 0x10, 0x1, 0xff, 0xef, 0xf4,
    0x5f, 0xf9, 0xff, 0x70, 0x8, 0xff, 0x9f, 0xf4,
    0x5f, 0xf8, 0x9f, 0xe0, 0xe, 0xf9, 0x8f, 0xf4,
    0x5f, 0xf8, 0x3f, 0xf4, 0x5f, 0xf3, 0x8f, 0xf4,
    0x5f, 0xf8, 0xc, 0xfb, 0xbf, 0xc0, 0x8f, 0xf4,
    0x5f, 0xf8, 0x6, 0xff, 0xff, 0x60, 0x8f, 0xf4,
    0x5f, 0xf8, 0x0, 0xff, 0xff, 0x0, 0x8f, 0xf4,
    0x5f, 0xf8, 0x0, 0x9f, 0xf9, 0x0, 0x8f, 0xf4,
    0x5f, 0xf8, 0x0, 0x2f, 0xf2, 0x0, 0x8f, 0xf4,

    /* U+043D "н" */
    0x6f, 0xf6, 0x0, 0x0, 0xaf, 0xf3, 0x6f, 0xf6,
    0x0, 0x0, 0xaf, 0xf3, 0x6f, 0xf6, 0x0, 0x0,
    0xaf, 0xf3, 0x6f, 0xf6, 0x0, 0x0, 0xaf, 0xf3,
    0x6f, 0xf6, 0x0, 0x0, 0xaf, 0xf3, 0x6f, 0xf9,
    0x44, 0x44, 0xbf, 0xf3, 0x6f, 0xff, 0xff, 0xff,
    0xff, 0xf3, 0x6f, 0xff, 0xff, 0xff, 0xff, 0xf3,
    0x6f, 0xf6, 0x0, 0x0, 0xaf, 0xf3, 0x6f, 0xf6,
    0x0, 0x0, 0xaf, 0xf3, 0x6f, 0xf6, 0x0, 0x0,
    0xaf, 0xf3, 0x6f, 0xf6, 0x0, 0x0, 0xaf, 0xf3,
    0x6f, 0xf6, 0x0, 0x0, 0xaf, 0xf3,

    /* U+043E "о" */
    0x0, 0x1, 0x8d, 0xff, 0xc6, 0x0, 0x0, 0x3,
    0xef, 0xff, 0xff, 0xfb, 0x0, 0x1, 0xef, 0xfa,
    0x56, 0xdf, 0xfa, 0x0, 0x7f, 0xf8, 0x0, 0x0,
    0xef, 0xf2, 0xd, 0xff, 0x10, 0x0, 0x7, 0xff,
    0x70, 0xff, 0xd0, 0x0, 0x0, 0x3f, 0xfa, 0x1f,
    0xfc, 0x0, 0x0, 0x2, 0xff, 0xb0, 0xff, 0xe0,
    0x0, 0x0, 0x3f, 0xfa, 0xd, 0xff, 0x10, 0x0,
    0x6, 0xff, 0x70, 0x8f, 0xf8, 0x0, 0x0, 0xdf,
    0xf2, 0x1, 0xef, 0xf9, 0x55, 0xcf, 0xfa, 0x0,
    0x3, 0xef, 0xff, 0xff, 0xfb, 0x0, 0x0, 0x1,
    0x8d, 0xfe, 0xc6, 0x0, 0x0,

    /* U+043F "п" */
    0x6f, 0xff, 0xff, 0xff, 0xff, 0xf3, 0x6f, 0xff,
    0xff, 0xff, 0xff, 0xf3, 0x6f, 0xf9, 0x44, 0x44,
    0xbf, 0xf3, 0x6f, 0xf6, 0x0, 0x0, 0xaf, 0xf3,
    0x6f, 0xf6, 0x0, 0x0, 0xaf, 0xf3, 0x6f, 0xf6,
    0x0, 0x0, 0xaf, 0xf3, 0x6f, 0xf6, 0x0, 0x0,
    0xaf, 0xf3, 0x6f, 0xf6, 0x0, 0x0, 0xaf, 0xf3,
    0x6f, 0xf6, 0x0, 0x0, 0xaf, 0xf3, 0x6f, 0xf6,
    0x0, 0x0, 0xaf, 0xf3, 0x6f, 0xf6, 0x0, 0x0,
    0xaf, 0xf3, 0x6f, 0xf6, 0x0, 0x0, 0xaf, 0xf3,
    0x6f, 0xf6, 0x0, 0x0, 0xaf, 0xf3,

    /* U+0440 "р" */
    0x8f, 0xf3, 0x9e, 0xfe, 0x91, 0x0, 0x8f, 0xff,
    0xff, 0xff, 0xfe, 0x10, 0x8f, 0xff, 0x62, 0x3b,
    0xff, 0xb0, 0x8f, 0xf6, 0x0, 0x0, 0xef, 0xf2,
    0x8f, 0xf4, 0x0, 0x0, 0x8f, 0xf6, 0x8f, 0xf4,
    0x0, 0x0, 0x5f, 0xf8, 0x8f, 0xf4, 0x0, 0x0,
    0x4f, 0xf8, 0x8f, 0xf4, 0x0, 0x0, 0x5f, 0xf8,
    0x8f, 0xf4, 0x0, 0x0, 0x8f, 0xf6, 0x8f, 0xf8,
    0x0, 0x1, 0xef, 0xf2, 0x8f, 0xff, 0x95, 0x6d,
    0xff, 0xa0, 0x8f, 0xfe, 0xff, 0xff, 0xfe, 0x10,
    0x8f, 0xf5, 0x8d, 0xfe, 0x91, 0x0, 0x8f, 0xf4,
    0x0, 0x0, 0x0, 0x0, 0x8f, 0xf4, 0x0, 0x0,
    0x0, 0x0, 0x8f, 0xf4, 0x0, 0x0, 0x0, 0x0,
    0x8f, 0xf4, 0x0, 0x0, 0x0, 0x0, 0x8f, 0xf4,
    0x0, 0x0, 0x0, 0x0,

    /* U+0441 "с" */
    0x0, 0x2, 0x9e, 0xfe, 0xb4, 0x0, 0x0, 0x4f,
    0xff, 0xff, 0xff, 0x80, 0x2, 0xff, 0xf9, 0x57,
    0xef, 0xf4, 0x9, 0xff, 0x70, 0x0, 0x3f, 0xfa,
    0xe, 0xff, 0x0, 0x0, 0xa, 0xb9, 0xf, 0xfd,
    0x0, 0x0, 0x0, 0x0, 0x1f, 0xfc, 0x0, 0x0,
    0x0, 0x0, 0xf, 0xfd, 0x0, 0x0, 0x0, 0x0,
    0xd, 0xff, 0x0, 0x0, 0x5, 0x65, 0x9, 0xff,
    0x60, 0x0, 0x2f, 0xfb, 0x2, 0xff, 0xf9, 0x56,
    0xef, 0xf4, 0x0, 0x4f, 0xff, 0xff, 0xff, 0x70,
    0x0, 0x2, 0x9e, 0xfe, 0xa3, 0x0,

    /* U+0442 "т" */
    0x9f, 0xff, 0xff, 0xff, 0xff, 0xf7, 0x9f, 0xff,
    0xff, 0xff, 0xff, 0xf7, 0x24, 0x44, 0xaf, 0xf8,
    0x44, 0x41, 0x0, 0x0, 0x8f, 0xf5, 0x0, 0x0,
    0x0, 0x0, 0x8f, 0xf5, 0x0, 0x0, 0x0, 0x0,
    0x8f, 0xf5, 0x0, 0x0, 0x0, 0x0, 0x8f, 0xf5,
    0x0, 0x0, 0x0, 0x0, 0x8f, 0xf5, 0x0, 0x0,
    0x0, 0x0, 0x8f, 0xf5, 0x0, 0x0, 0x0, 0x0,
    0x8f, 0xf5, 0x0, 0x0, 0x0, 0x0, 0x8f, 0xf5,
    0x0, 0x0, 0x0, 0x0, 0x8f, 0xf5, 0x0, 0x0,
    0x0, 0x0, 0x8f, 0xf5, 0x0, 0x0,

    /* U+0443 "у" */
    0xbf, 0xf5, 0x0, 0x0, 0xaf, 0xf5, 0x5f, 0xfa,
    0x0, 0x0, 0xff, 0xf0, 0xf, 0xff, 0x0, 0x4,
    0xff, 0xa0, 0xa, 0xff, 0x40, 0x9, 0xff, 0x50,
    0x4, 0xff, 0x90, 0xd, 0xff, 0x0, 0x0, 0xef,
    0xe0, 0x2f, 0xfa, 0x0, 0x0, 0x9f, 0xf3, 0x7f,
    0xf4, 0x0, 0x0, 0x3f, 0xf8, 0xcf, 0xe0, 0x0,
    0x0, 0xe, 0xfe, 0xff, 0x90, 0x0, 0x0, 0x8,
    0xff, 0xff, 0x40, 0x0, 0x0, 0x3, 0xff, 0xfe,
    0x0, 0x0, 0x0, 0x0, 0xdf, 0xf9, 0x0, 0x0,
    0x0, 0x0, 0x8f, 0xf3, 0x0, 0x0, 0x0, 0x0,
    0xaf, 0xe0, 0x0, 0x0, 0x0, 0x2, 0xff, 0x80,
    0x0, 0x0, 0x5, 0x8e, 0xff, 0x20, 0x0, 0x0,
    0xd, 0xff, 0xf8, 0x0, 0x0, 0x0, 0xb, 0xfd,
    0x60, 0x0, 0x0, 0x0,

    /* U+0444 "ф" */
    0x0, 0x0, 0x0, 0x0, 0x0, 0x0, 0x0, 0x0,
    0x0, 0x0, 0x0, 0x0, 0xcf, 0xf1, 0x0, 0x0,
    0x0, 0x0, 0x0, 0x0, 0xc, 0xff, 0x10, 0x0,
    0x0, 0x0, 0x0, 0x0, 0x0, 0xcf, 0xf1, 0x0,
    0x0, 0x0, 0x0, 0x0, 0x0, 0xc, 0xff, 0x10,
    0x0, 0x0, 0x0, 0x0, 0x0, 0x0, 0xcf, 0xf1,
    0x0, 0x0, 0x0, 0x0, 0x6, 0xdf, 0xee, 0xff,
    0xcf, 0xea, 0x10, 0x0, 0x8, 0xff, 0xff, 0xff,
    0xff, 0xff, 0xfe, 0x10, 0x2, 0xff, 0xf8, 0x5d,
    0xff, 0x66, 0xdf, 0xfa, 0x0, 0x9f, 0xf7, 0x0,
    0xcf, 0xf1, 0x1, 0xff, 0xf0, 0xd, 0xff, 0x10,
    0xc, 0xff, 0x10, 0xa, 0xff, 0x40, 0xff, 0xe0,
    0x0, 0xcf, 0xf1, 0x0, 0x7f, 0xf6, 0xf, 0xfd,
    0x0, 0xc, 0xff, 0x10, 0x6, 0xff, 0x70, 0xff,
    0xe0, 0x0, 0xcf, 0xf1, 0x0, 0x7f, 0xf7, 0xe,
    0xff, 0x0, 0xc, 0xff, 0x10, 0x9, 0xff, 0x50,
    0xaf, 0xf6, 0x0, 0xcf, 0xf1, 0x0, 0xef, 0xf2,
    0x4, 0xff, 0xf7, 0x5d, 0xff, 0x66, 0xcf, 0xfb,
    0x0, 0xa, 0xff, 0xff, 0xff, 0xff, 0xff, 0xfe,
    0x20, 0x0, 0x7, 0xdf, 0xee, 0xff, 0xcf, 0xea,
    0x20, 0x0, 0x0, 0x0, 0x0, 0xcf, 0xf1, 0x0,
    0x0, 0x0, 0x0, 0x0, 0x0, 0xc, 0xff, 0x10,
    0x0, 0x0, 0x0, 0x0, 0x0, 0x0, 0xcf, 0xf1,
    0x0, 0x0, 0x0, 0x0, 0x0, 0x0, 0xc, 0xff,
    0x10, 0x0, 0x0, 0x0, 0x0, 0x0, 0x0, 0xcf,
    0xf1, 0x0, 0x0, 0x0,

    /* U+0445 "х" */
    0x3f, 0xfe, 0x0, 0x0, 0xdf, 0xf4, 0x9, 0xff,
    0x70, 0x7, 0xff, 0xa0, 0x1, 0xef, 0xf1, 0x1e,
    0xff, 0x10, 0x0, 0x6f, 0xf9, 0x9f, 0xf7, 0x0,
    0x0, 0xc, 0xff, 0xff, 0xd0, 0x0, 0x0, 0x3,
    0xff, 0xff, 0x40, 0x0, 0x0, 0x0, 0xcf, 0xfd,
    0x0, 0x0, 0x0, 0x4, 0xff, 0xff, 0x60, 0x0,
    0x0, 0xd, 0xff, 0xef, 0xe1, 0x0, 0x0, 0x8f,
    0xf8, 0x6f, 0xf9, 0x0, 0x2, 0xff, 0xe0, 0xd,
    0xff, 0x30, 0xb, 0xff, 0x60, 0x4, 0xff, 0xc0,
    0x5f, 0xfc, 0x0, 0x0, 0xbf, 0xf6,

    /* U+0446 "ц" */
    0x6f, 0xf6, 0x0, 0x0, 0xaf, 0xf3, 0x6, 0xff,
    0x60, 0x0, 0xa, 0xff, 0x30, 0x6f, 0xf6, 0x0,
    0x0, 0xaf, 0xf3, 0x6, 0xff, 0x60, 0x0, 0xa,
    0xff, 0x30, 0x6f, 0xf6, 0x0, 0x0, 0xaf, 0xf3,
    0x6, 0xff, 0x60, 0x0, 0xa, 0xff, 0x30, 0x6f,
    0xf6, 0x0, 0x0, 0xaf, 0xf3, 0x6, 0xff, 0x60,
    0x0, 0xa, 0xff, 0x30, 0x6f, 0xf6, 0x0, 0x0,
    0xaf, 0xf3, 0x6, 0xff, 0x60, 0x0, 0xa, 0xff,
    0x30, 0x6f, 0xf9, 0x44, 0x44, 0xbf, 0xf7, 0x46,
    0xff, 0xff, 0xff, 0xff, 0xff, 0xfe, 0x6f, 0xff,
    0xff, 0xff, 0xff, 0xff, 0xd0, 0x0, 0x0, 0x0,
    0x0, 0xe, 0xfd, 0x0, 0x0, 0x0, 0x0, 0x0,
    0xef, 0xc0, 0x0, 0x0, 0x0, 0x0, 0xe, 0xfc,
    0x0, 0x0, 0x0, 0x0, 0x0, 0xbc, 0x80,

    /* U+0447 "ч" */
    0xef, 0xf0, 0x0, 0x3, 0xff, 0xae, 0xff, 0x0,
    0x0, 0x3f, 0xfa, 0xef, 0xf0, 0x0, 0x3, 0xff,
    0xae, 0xff, 0x0, 0x0, 0x3f, 0xfa, 0xdf, 0xf0,
    0x0, 0x3, 0xff, 0xab, 0xff, 0x40, 0x0, 0x3f,
    0xfa, 0x5f, 0xfe, 0x75, 0x6a, 0xff, 0xa0, 0xaf,
    0xff, 0xff, 0xff, 0xfa, 0x0, 0x6c, 0xef, 0xed,
    0xff, 0xa0, 0x0, 0x0, 0x0, 0x3f, 0xfa, 0x0,
    0x0, 0x0, 0x3, 0xff, 0xa0, 0x0, 0x0, 0x0,
    0x3f, 0xfa, 0x0, 0x0, 0x0, 0x3, 0xff, 0xa0,

    /* U+0448 "ш" */
    0x6f, 0xf6, 0x0, 0xa, 0xff, 0x30, 0x0, 0xcf,
    0xf0, 0x6f, 0xf6, 0x0, 0xa, 0xff, 0x30, 0x0,
    0xcf, 0xf0, 0x6f, 0xf6, 0x0, 0xa, 0xff, 0x30,
    0x0, 0xcf, 0xf0, 0x6f, 0xf6, 0x0, 0xa, 0xff,
    0x30, 0x0, 0xcf, 0xf0, 0x6f, 0xf6, 0x0, 0xa,
    0xff, 0x30, 0x0, 0xcf, 0xf0, 0x6f, 0xf6, 0x0,
    0xa, 0xff, 0x30, 0x0, 0xcf, 0xf0, 0x6f, 0xf6,
    0x0, 0xa, 0xff, 0x30, 0x0, 0xcf, 0xf0, 0x6f,
    0xf6, 0x0, 0xa, 0xff, 0x30, 0x0, 0xcf, 0xf0,
    0x6f, 0xf6, 0x0, 0xa, 0xff, 0x30, 0x0, 0xcf,
    0xf0, 0x6f, 0xf6, 0x0, 0xa, 0xff, 0x30, 0x0,
    0xcf, 0xf0, 0x6f, 0xf9, 0x44, 0x4b, 0xff, 0x74,
    0x44, 0xdf, 0xf0, 0x6f, 0xff, 0xff, 0xff, 0xff,
    0xff, 0xff, 0xff, 0xf0, 0x6f, 0xff, 0xff, 0xff,
    0xff, 0xff, 0xff, 0xff, 0xf0,

    /* U+0449 "щ" */
    0x8f, 0xf5, 0x0, 0xb, 0xff, 0x20, 0x0, 0xef,
    0xf0, 0x0, 0x8f, 0xf5, 0x0, 0xb, 0xff, 0x20,
    0x0, 0xef, 0xf0, 0x0, 0x8f, 0xf5, 0x0, 0xb,
    0xff, 0x20, 0x0, 0xef, 0xf0, 0x0, 0x8f, 0xf5,
    0x0, 0xb, 0xff, 0x20, 0x0, 0xef, 0xf0, 0x0,
    0x8f, 0xf5, 0x0, 0xb, 0xff, 0x20, 0x0, 0xef,
    0xf0, 0x0, 0x8f, 0xf5, 0x0, 0xb, 0xff, 0x20,
    0x0, 0xef, 0xf0, 0x0, 0x8f, 0xf5, 0x0, 0xb,
    0xff, 0x20, 0x0, 0xef, 0xf0, 0x0, 0x8f, 0xf5,
    0x0, 0xb, 0xff, 0x20, 0x0, 0xef, 0xf0, 0x0,
    0x8f, 0xf5, 0x0, 0xb, 0xff, 0x20, 0x0, 0xef,
    0xf0, 0x0, 0x8f, 0xf5, 0x0, 0xb, 0xff, 0x20,
    0x0, 0xef, 0xf0, 0x0, 0x8f, 0xf8, 0x44, 0x4c,
    0xff, 0x64, 0x44, 0xef, 0xf4, 0x40, 0x8f, 0xff,
    0xff, 0xff, 0xff, 0xff, 0xff, 0xff, 0xff, 0xf1,
    0x8f, 0xff, 0xff, 0xff, 0xff, 0xff, 0xff, 0xff,
    0xff, 0xf0, 0x0, 0x0, 0x0, 0x0, 0x0, 0x0,
    0x0, 0x0, 0xbf, 0xf0, 0x0, 0x0, 0x0, 0x0,
    0x0, 0x0, 0x0, 0x0, 0xbf, 0xf0, 0x0, 0x0,
    0x0, 0x0, 0x0, 0x0, 0x0, 0x0, 0xbf, 0xe0,
    0x0, 0x0, 0x0, 0x0, 0x0, 0x0, 0x0, 0x0,
    0x8c, 0xb0,

    /* U+044A "ъ" */
    0xaf, 0xff, 0xff, 0xe0, 0x0, 0x0, 0x0, 0xa,
    0xff, 0xff, 0xfe, 0x0, 0x0, 0x0, 0x0, 0x34,
    0x44, 0xff, 0xe0, 0x0, 0x0, 0x0, 0x0, 0x0,
    0xf, 0xfe, 0x0, 0x0, 0x0, 0x0, 0x0, 0x0,
    0xff, 0xff, 0xff, 0xeb, 0x50, 0x0, 0x0, 0xf,
    0xff, 0xff, 0xff, 0xff, 0x90, 0x0, 0x0, 0xff,
    0xe5, 0x55, 0x7f, 0xff, 0x40, 0x0, 0xf, 0xfe,
    0x0, 0x0, 0x5f, 0xf9, 0x0, 0x0, 0xff, 0xe0,
    0x0, 0x2, 0xff, 0xb0, 0x0, 0xf, 0xfe, 0x0,
    0x0, 0x5f, 0xfa, 0x0, 0x0, 0xff, 0xe4, 0x44,
    0x7e, 0xff, 0x40, 0x0, 0xf, 0xff, 0xff, 0xff,
    0xff, 0x90, 0x0, 0x0, 0xff, 0xff, 0xff, 0xfc,
    0x50, 0x0,

    /* U+044B "ы" */
    0x5f, 0xf8, 0x0, 0x0, 0x0, 0x0, 0x7, 0xff,
    0x55, 0xff, 0x80, 0x0, 0x0, 0x0, 0x0, 0x7f,
    0xf5, 0x5f, 0xf8, 0x0, 0x0, 0x0, 0x0, 0x7,
    0xff, 0x55, 0xff, 0x80, 0x0, 0x0, 0x0, 0x0,
    0x7f, 0xf5, 0x5f, 0xff, 0xff, 0xfe, 0x92, 0x0,
    0x7, 0xff, 0x55, 0xff, 0xff, 0xff, 0xff, 0xf4,
    0x0, 0x7f, 0xf5, 0x5f, 0xfa, 0x55, 0x5a, 0xff,
    0xe0, 0x7, 0xff, 0x55, 0xff, 0x80, 0x0, 0xb,
    0xff, 0x40, 0x7f, 0xf5, 0x5f, 0xf8, 0x0, 0x0,
    0x7f, 0xf6, 0x7, 0xff, 0x55, 0xff, 0x80, 0x0,
    0xa, 0xff, 0x40, 0x7f, 0xf5, 0x5f, 0xfa, 0x44,
    0x59, 0xff, 0xe0, 0x7, 0xff, 0x55, 0xff, 0xff,
    0xff, 0xff, 0xf4, 0x0, 0x7f, 0xf5, 0x5f, 0xff,
    0xff, 0xfe, 0xa2, 0x0, 0x7, 0xff, 0x50,

    /* U+044C "ь" */
    0x5f, 0xf8, 0x0, 0x0, 0x0, 0x0, 0x5f, 0xf8,
    0x0, 0x0, 0x0, 0x0, 0x5f, 0xf8, 0x0, 0x0,
    0x0, 0x0, 0x5f, 0xf8, 0x0, 0x0, 0x0, 0x0,
    0x5f, 0xff, 0xff, 0xfe, 0x92, 0x0, 0x5f, 0xff,
    0xff, 0xff, 0xff, 0x40, 0x5f, 0xfa, 0x55, 0x5a,
    0xff, 0xe0, 0x5f, 0xf8, 0x0, 0x0, 0xbf, 0xf4,
    0x5f, 0xf8, 0x0, 0x0, 0x7f, 0xf6, 0x5f, 0xf8,
    0x0, 0x0, 0xaf, 0xf4, 0x5f, 0xfa, 0x44, 0x59,
    0xff, 0xe0, 0x5f, 0xff, 0xff, 0xff, 0xff, 0x40,
    0x5f, 0xff, 0xff, 0xfe, 0xa2, 0x0,

    /* U+044D "э" */
    0x0, 0x6, 0xcf, 0xfc, 0x70, 0x0, 0x0, 0xcf,
    0xff, 0xff, 0xfc, 0x10, 0x9, 0xff, 0xb5, 0x6b,
    0xff, 0xa0, 0xf, 0xfd, 0x0, 0x0, 0xbf, 0xf3,
    0x1, 0x11, 0x0, 0x0, 0x5f, 0xf7, 0x0, 0x0,
    0x2f, 0xff, 0xff, 0xfa, 0x0, 0x0, 0x2f, 0xff,
    0xff, 0xfb, 0x0, 0x0, 0x0, 0x0, 0x4f, 0xfa,
    0xf, 0xfb, 0x0, 0x0, 0x7f, 0xf7, 0xd, 0xff,
    0x10, 0x0, 0xef, 0xf2, 0x6, 0xff, 0xd6, 0x6d,
    0xff, 0xa0, 0x0, 0xaf, 0xff, 0xff, 0xfc, 0x10,
    0x0, 0x5, 0xcf, 0xfc, 0x60, 0x0,

    /* U+044E "ю" */
    0x4f, 0xf8, 0x0, 0x0, 0x29, 0xdf, 0xeb, 0x50,
    0x0, 0x4f, 0xf8, 0x0, 0x5, 0xff, 0xff, 0xff,
    0xfb, 0x0, 0x4f, 0xf8, 0x0, 0x2f, 0xff, 0x95,
    0x6d, 0xff, 0x90, 0x4f, 0xf8, 0x0, 0xaf, 0xf7,
    0x0, 0x1, 0xef, 0xf1, 0x4f, 0xf8, 0x0, 0xff,
    0xf0, 0x0, 0x0, 0x7f, 0xf6, 0x4f, 0xff, 0xff,
    0xff, 0xc0, 0x0, 0x0, 0x4f, 0xf9, 0x4f, 0xff,
    0xff, 0xff, 0xb0, 0x0, 0x0, 0x3f, 0xfa, 0x4f,
    0xfa, 0x45, 0xff, 0xd0, 0x0, 0x0, 0x4f, 0xf9,
    0x4f, 0xf8, 0x0, 0xdf, 0xf0, 0x0, 0x0, 0x7f,
    0xf6, 0x4f, 0xf8, 0x0, 0x8f, 0xf7, 0x0, 0x0,
    0xef, 0xf1, 0x4f, 0xf8, 0x0, 0x1e, 0xff, 0x95,
    0x6d, 0xff, 0x90, 0x4f, 0xf8, 0x0, 0x3, 0xef,
    0xff, 0xff, 0xfb, 0x0, 0x4f, 0xf8, 0x0, 0x0,
    0x19, 0xdf, 0xeb, 0x50, 0x0,

    /* U+044F "я" */
    0x0, 0x8, 0xdf, 0xff, 0xff, 0xf9, 0x1, 0xdf,
    0xff, 0xff, 0xff, 0xf9, 0xa, 0xff, 0xd5, 0x44,
    0x6f, 0xf9, 0xe, 0xff, 0x10, 0x0, 0x3f, 0xf9,
    0xe, 0xff, 0x0, 0x0, 0x3f, 0xf9, 0xb, 0xff,
    0x91, 0x0, 0x3f, 0xf9, 0x2, 0xef, 0xff, 0xff,
    0xff, 0xf9, 0x0, 0x2d, 0xff, 0xff, 0xff, 0xf9,
    0x0, 0x1f, 0xfe, 0x11, 0x4f, 0xf9, 0x0, 0x9f,
    0xf5, 0x0, 0x3f, 0xf9, 0x2, 0xff, 0xc0, 0x0,
    0x3f, 0xf9, 0xb, 0xff, 0x30, 0x0, 0x3f, 0xf9,
    0x4f, 0xfa, 0x0, 0x0, 0x3f, 0xf9,

    /* U+0451 "ё" */
    0x0, 0x4e, 0xd1, 0x0, 0xce, 0x40, 0x0, 0x9,
    0xff, 0x40, 0x3f, 0xf9, 0x0, 0x0, 0x2b, 0x90,
    0x0, 0x9b, 0x20, 0x0, 0x0, 0x0, 0x0, 0x0,
    0x0, 0x0, 0x0, 0x1, 0x7d, 0xfe, 0xb5, 0x0,
    0x0, 0x2, 0xdf, 0xff, 0xff, 0xf9, 0x0, 0x0,
    0xdf, 0xf9, 0x56, 0xdf, 0xf5, 0x0, 0x6f, 0xf7,
    0x0, 0x2, 0xff, 0xc0, 0xc, 0xff, 0x0, 0x0,
    0xc, 0xff, 0x0, 0xef, 0xff, 0xff, 0xff, 0xff,
    0xf1, 0xf, 0xff, 0xff, 0xff, 0xff, 0xff, 0x20,
    0xff, 0xf1, 0x11, 0x11, 0x11, 0x10, 0xd, 0xff,
    0x20, 0x0, 0x0, 0x0, 0x0, 0x8f, 0xfb, 0x0,
    0x0, 0x2b, 0x0, 0x1, 0xef, 0xfc, 0x65, 0x8f,
    0xfb, 0x0, 0x3, 0xef, 0xff, 0xff, 0xfe, 0x30,
    0x0, 0x1, 0x8d, 0xff, 0xd8, 0x10, 0x0,

    /* U+20AC "€" */
    0x0, 0x0, 0x5, 0xbe, 0xff, 0xd5, 0x0, 0x1,
    0xbf, 0xff, 0xff, 0xf6, 0x0, 0xb, 0xff, 0xf9,
    0x66, 0x93, 0x0, 0x4f, 0xfe, 0x20, 0x0, 0x0,
    0x0, 0xaf, 0xf6, 0x0, 0x0, 0x0, 0x0, 0xcf,
    0xf2, 0x0, 0x0, 0x0, 0xef, 0xff, 0xff, 0xff,
    0xf4, 0x0, 0x9a, 0xff, 0xfa, 0xaa, 0xa2, 0x0,
    0x0, 0xef, 0xf1, 0x0, 0x0, 0x0, 0xef, 0xff,
    0xff, 0xff, 0xf4, 0x0, 0x9a, 0xff, 0xfb, 0xaa,
    0xa2, 0x0, 0x0, 0xcf, 0xf2, 0x0, 0x0, 0x0,
    0x0, 0x9f, 0xf6, 0x0, 0x0, 0x0, 0x0, 0x4f,
    0xfe, 0x20, 0x0, 0x0, 0x0, 0xb, 0xff, 0xf9,
    0x66, 0x83, 0x0, 0x1, 0xcf, 0xff, 0xff, 0xf6,
    0x0, 0x0, 0x5, 0xbe, 0xff, 0xd5,

    /* U+20BD "₽" */
    0x0, 0x2f, 0xff, 0xff, 0xff, 0xeb, 0x60, 0x0,
    0x0, 0x2f, 0xff, 0xff, 0xff, 0xff, 0xfd, 0x10,
    0x0, 0x2f, 0xfe, 0x77, 0x77, 0x9f, 0xff, 0xc0,
    0x0, 0x2f, 0xfd, 0x0, 0x0, 0x1, 0xef, 0xf4,
    0x0, 0x2f, 0xfd, 0x0, 0x0, 0x0, 0x7f, 0xf8,
    0x0, 0x2f, 0xfd, 0x0, 0x0, 0x0, 0x6f, 0xf9,
    0x0, 0x2f, 0xfd, 0x0, 0x0, 0x0, 0xaf, 0xf7,
    0x0, 0x2f, 0xfd, 0x0, 0x0, 0x28, 0xff, 0xf2,
    0x8f, 0xff, 0xff, 0xff, 0xff, 0xff, 0xff, 0x70,
    0x8f, 0xff, 0xff, 0xff, 0xff, 0xff, 0xd5, 0x0,
    0x36, 0x7f, 0xfe, 0x66, 0x66, 0x52, 0x0, 0x0,
    0x0, 0x2f, 0xfd, 0x0, 0x0, 0x0, 0x0, 0x0,
    0x8f, 0xff, 0xff, 0xff, 0xf9, 0x0, 0x0, 0x0,
    0x8f, 0xff, 0xff, 0xff, 0xf9, 0x0, 0x0, 0x0,
    0x36, 0x7f, 0xfe, 0x66, 0x63, 0x0, 0x0, 0x0,
    0x0, 0x2f, 0xfd, 0x0, 0x0, 0x0, 0x0, 0x0,
    0x0, 0x2f, 0xfd, 0x0, 0x0, 0x0, 0x0, 0x0,

    /* U+2260 "≠" */
    0x0, 0x0, 0x0, 0x0, 0x0, 0x0, 0x0, 0x0,
    0x0, 0xc, 0x80, 0x0, 0x0, 0x0, 0x6, 0xf5,
    0x1, 0x66, 0x66, 0x66, 0xee, 0x66, 0x2f, 0xff,
    0xff, 0xff, 0xff, 0xe2, 0xff, 0xff, 0xff, 0xff,
    0xfe, 0x0, 0x0, 0x9, 0xf1, 0x0, 0x0, 0x0,
    0x2, 0xf8, 0x0, 0x0, 0x16, 0x66, 0xcf, 0x76,
    0x66, 0x52, 0xff, 0xff, 0xff, 0xff, 0xfe, 0x2f,
    0xff, 0xff, 0xff, 0xff, 0xe0, 0x6, 0xf4, 0x0,
    0x0, 0x0, 0x0, 0xeb, 0x0, 0x0, 0x0, 0x0,
    0x4, 0x20, 0x0, 0x0, 0x0,

    /* U+2264 "≤" */
    0x0, 0x0, 0x0, 0x0, 0x0, 0x0, 0x0, 0x0,
    0x0, 0x2, 0x9a, 0x0, 0x0, 0x0, 0x5c, 0xff,
    0xb0, 0x0, 0x29, 0xef, 0xff, 0xe7, 0x5, 0xcf,
    0xff, 0xfa, 0x40, 0x1, 0xff, 0xfa, 0x50, 0x0,
    0x0, 0x1f, 0xff, 0xd8, 0x20, 0x0, 0x0, 0x28,
    0xef, 0xff, 0xd7, 0x20, 0x0, 0x0, 0x5b, 0xff,
    0xff, 0xa0, 0x0, 0x0, 0x2, 0x8e, 0xfb, 0x0,
    0x0, 0x0, 0x0, 0x5, 0x80, 0x55, 0x55, 0x55,
    0x55, 0x54, 0x1f, 0xff, 0xff, 0xff, 0xff, 0xd1,
    0xff, 0xff, 0xff, 0xff, 0xfc,

    /* U+2265 "≥" */
    0x0, 0x0, 0x0, 0x0, 0x0, 0xa, 0x93, 0x0,
    0x0, 0x0, 0x0, 0xbf, 0xfd, 0x61, 0x0, 0x0,
    0x6, 0xdf, 0xff, 0xfa, 0x40, 0x0, 0x0, 0x38,
    0xdf, 0xff, 0xd7, 0x10, 0x0, 0x0, 0x28, 0xef,
    0xf6, 0x0, 0x0, 0x17, 0xcf, 0xff, 0x60, 0x17,
    0xcf, 0xff, 0xfa, 0x30, 0x9f, 0xff, 0xfc, 0x60,
    0x0, 0xb, 0xfe, 0x92, 0x0, 0x0, 0x0, 0x75,
    0x0, 0x0, 0x0, 0x0, 0x3, 0x55, 0x55, 0x55,
    0x55, 0x51, 0xbf, 0xff, 0xff, 0xff, 0xff, 0x3a,
    0xff, 0xff, 0xff, 0xff, 0xf3
};


/*---------------------
 *  GLYPH DESCRIPTION
 *--------------------*/

static const lv_font_fmt_txt_glyph_dsc_t glyph_dsc[] = {
    {.bitmap_index = 0, .adv_w = 0, .box_w = 0, .box_h = 0, .ofs_x = 0, .ofs_y = 0} /* id = 0 reserved */,
    {.bitmap_index = 0, .adv_w = 96, .box_w = 0, .box_h = 0, .ofs_x = 0, .ofs_y = 0},
    {.bitmap_index = 0, .adv_w = 103, .box_w = 4, .box_h = 17, .ofs_x = 1, .ofs_y = 0},
    {.bitmap_index = 34, .adv_w = 125, .box_w = 6, .box_h = 7, .ofs_x = 1, .ofs_y = 11},
    {.bitmap_index = 55, .adv_w = 234, .box_w = 14, .box_h = 17, .ofs_x = 1, .ofs_y = 0},
    {.bitmap_index = 174, .adv_w = 218, .box_w = 12, .box_h = 22, .ofs_x = 1, .ofs_y = -2},
    {.bitmap_index = 306, .adv_w = 282, .box_w = 16, .box_h = 17, .ofs_x = 1, .ofs_y = 0},
    {.bitmap_index = 442, .adv_w = 245, .box_w = 15, .box_h = 17, .ofs_x = 1, .ofs_y = 0},
    {.bitmap_index = 570, .adv_w = 65, .box_w = 4, .box_h = 7, .ofs_x = 0, .ofs_y = 11},
    {.bitmap_index = 584, .adv_w = 134, .box_w = 7, .box_h = 26, .ofs_x = 1, .ofs_y = -6},
    {.bitmap_index = 675, .adv_w = 135, .box_w = 7, .box_h = 26, .ofs_x = 0, .ofs_y = -6},
    {.bitmap_index = 766, .adv_w = 170, .box_w = 11, .box_h = 11, .ofs_x = 0, .ofs_y = 6},
    {.bitmap_index = 827, .adv_w = 214, .box_w = 13, .box_h = 13, .ofs_x = 0, .ofs_y = 2},
    {.bitmap_index = 912, .adv_w = 84, .box_w = 5, .box_h = 7, .ofs_x = 0, .ofs_y = -4},
    {.bitmap_index = 930, .adv_w = 126, .box_w = 7, .box_h = 3, .ofs_x = 0, .ofs_y = 6},
    {.bitmap_index = 941, .adv_w = 107, .box_w = 4, .box_h = 4, .ofs_x = 1, .ofs_y = 0},
    {.bitmap_index = 949, .adv_w = 152, .box_w = 9, .box_h = 19, .ofs_x = 0, .ofs_y = -2},
    {.bitmap_index = 1035, .adv_w = 218, .box_w = 12, .box_h = 17, .ofs_x = 1, .ofs_y = 0},
    {.bitmap_index = 1137, .adv_w = 218, .box_w = 12, .box_h = 17, .ofs_x = 1, .ofs_y = 0},
    {.bitmap_index = 1239, .adv_w = 218, .box_w = 13, .box_h = 17, .ofs_x = 0, .ofs_y = 0},
    {.bitmap_index = 1350, .adv_w = 218, .box_w = 13, .box_h = 17, .ofs_x = 0, .ofs_y = 0},
    {.bitmap_index = 1461, .adv_w = 218, .box_w = 14, .box_h = 18, .ofs_x = 0, .ofs_y = 0},
    {.bitmap_index = 1587, .adv_w = 218, .box_w = 12, .box_h = 17, .ofs_x = 1, .ofs_y = 0},
    {.bitmap_index = 1689, .adv_w = 218, .box_w = 12, .box_h = 17, .ofs_x = 1, .ofs_y = 0},
    {.bitmap_index = 1791, .adv_w = 218, .box_w = 13, .box_h = 17, .ofs_x = 0, .ofs_y = 0},
    {.bitmap_index = 1902, .adv_w = 218, .box_w = 12, .box_h = 17, .ofs_x = 1, .ofs_y = 0},
    {.bitmap_index = 2004, .adv_w = 218, .box_w = 12, .box_h = 17, .ofs_x = 1, .ofs_y = 0},
    {.bitmap_index = 2106, .adv_w = 102, .box_w = 4, .box_h = 13, .ofs_x = 1, .ofs_y = 0},
    {.bitmap_index = 2132, .adv_w = 91, .box_w = 5, .box_h = 17, .ofs_x = 0, .ofs_y = -4},
    {.bitmap_index = 2175, .adv_w = 195, .box_w = 11, .box_h = 12, .ofs_x = 0, .ofs_y = 1},
    {.bitmap_index = 2241, .adv_w = 215, .box_w = 11, .box_h = 8, .ofs_x = 1, .ofs_y = 4},
    {.bitmap_index = 2285, .adv_w = 200, .box_w = 11, .box_h = 12, .ofs_x = 1, .ofs_y = 1},
    {.bitmap_index = 2351, .adv_w = 187, .box_w = 11, .box_h = 17, .ofs_x = 0, .ofs_y = 0},
    {.bitmap_index = 2445, .adv_w = 344, .box_w = 20, .box_h = 22, .ofs_x = 1, .ofs_y = -5},
    {.bitmap_index = 2665, .adv_w = 256, .box_w = 16, .box_h = 17, .ofs_x = 0, .ofs_y = 0},
    {.bitmap_index = 2801, .adv_w = 242, .box_w = 13, .box_h = 17, .ofs_x = 1, .ofs_y = 0},
    {.bitmap_index = 2912, .adv_w = 251, .box_w = 14, .box_h = 17, .ofs_x = 1, .ofs_y = 0},
    {.bitmap_index = 3031, .adv_w = 251, .box_w = 14, .box_h = 17, .ofs_x = 1, .ofs_y = 0},
    {.bitmap_index = 3150, .adv_w = 217, .box_w = 12, .box_h = 17, .ofs_x = 1, .ofs_y = 0},
    {.bitmap_index = 3252, .adv_w = 211, .box_w = 12, .box_h = 17, .ofs_x = 1, .ofs_y = 0},
    {.bitmap_index = 3354, .adv_w = 261, .box_w = 14, .box_h = 17, .ofs_x = 1, .ofs_y = 0},
    {.bitmap_index = 3473, .adv_w = 273, .box_w = 15, .box_h = 17, .ofs_x = 1, .ofs_y = 0},
    {.bitmap_index = 3601, .adv_w = 108, .box_w = 7, .box_h = 17, .ofs_x = 0, .ofs_y = 0},
    {.bitmap_index = 3661, .adv_w = 213, .box_w = 12, .box_h = 17, .ofs_x = 0, .ofs_y = 0},
    {.bitmap_index = 3763, .adv_w = 242, .box_w = 15, .box_h = 17, .ofs_x = 1, .ofs_y = 0},
    {.bitmap_index = 3891, .adv_w = 208, .box_w = 12, .box_h = 17, .ofs_x = 1, .ofs_y = 0},
    {.bitmap_index = 3993, .adv_w = 336, .box_w = 19, .box_h = 17, .ofs_x = 1, .ofs_y = 0},
    {.bitmap_index = 4155, .adv_w = 273, .box_w = 15, .box_h = 17, .ofs_x = 1, .ofs_y = 0},
    {.bitmap_index = 4283, .adv_w = 265, .box_w = 15, .box_h = 17, .ofs_x = 1, .ofs_y = 0},
    {.bitmap_index = 4411, .adv_w = 245, .box_w = 14, .box_h = 17, .ofs_x = 1, .ofs_y = 0},
    {.bitmap_index = 4530, .adv_w = 265, .box_w = 16, .box_h = 18, .ofs_x = 1, .ofs_y = -1},
    {.bitmap_index = 4674, .adv_w = 240, .box_w = 14, .box_h = 17, .ofs_x = 1, .ofs_y = 0},
    {.bitmap_index = 4793, .adv_w = 232, .box_w = 14, .box_h = 17, .ofs_x = 0, .ofs_y = 0},
    {.bitmap_index = 4912, .adv_w = 233, .box_w = 15, .box_h = 17, .ofs_x = 0, .ofs_y = 0},
    {.bitmap_index = 5040, .adv_w = 250, .box_w = 14, .box_h = 17, .ofs_x = 1, .ofs_y = 0},
    {.bitmap_index = 5159, .adv_w = 248, .box_w = 16, .box_h = 17, .ofs_x = 0, .ofs_y = 0},
    {.bitmap_index = 5295, .adv_w = 338, .box_w = 21, .box_h = 17, .ofs_x = 0, .ofs_y = 0},
    {.bitmap_index = 5474, .adv_w = 243, .box_w = 15, .box_h = 17, .ofs_x = 0, .ofs_y = 0},
    {.bitmap_index = 5602, .adv_w = 234, .box_w = 15, .box_h = 17, .ofs_x = 0, .ofs_y = 0},
    {.bitmap_index = 5730, .adv_w = 231, .box_w = 14, .box_h = 17, .ofs_x = 0, .ofs_y = 0},
    {.bitmap_index = 5849, .adv_w = 105, .box_w = 6, .box_h = 24, .ofs_x = 1, .ofs_y = -4},
    {.bitmap_index = 5921, .adv_w = 161, .box_w = 11, .box_h = 19, .ofs_x = 0, .ofs_y = -2},
    {.bitmap_index = 6026, .adv_w = 105, .box_w = 5, .box_h = 24, .ofs_x = 0, .ofs_y = -4},
    {.bitmap_index = 6086, .adv_w = 164, .box_w = 10, .box_h = 9, .ofs_x = 0, .ofs_y = 9},
    {.bitmap_index = 6131, .adv_w = 173, .box_w = 11, .box_h = 3, .ofs_x = 0, .ofs_y = -2},
    {.bitmap_index = 6148, .adv_w = 124, .box_w = 7, .box_h = 4, .ofs_x = 0, .ofs_y = 15},
    {.bitmap_index = 6162, .adv_w = 217, .box_w = 13, .box_h = 13, .ofs_x = 1, .ofs_y = 0},
    {.bitmap_index = 6247, .adv_w = 216, .box_w = 12, .box_h = 18, .ofs_x = 1, .ofs_y = 0},
    {.bitmap_index = 6355, .adv_w = 201, .box_w = 12, .box_h = 13, .ofs_x = 0, .ofs_y = 0},
    {.bitmap_index = 6433, .adv_w = 217, .box_w = 14, .box_h = 18, .ofs_x = 0, .ofs_y = 0},
    {.bitmap_index = 6559, .adv_w = 206, .box_w = 13, .box_h = 13, .ofs_x = 0, .ofs_y = 0},
    {.bitmap_index = 6644, .adv_w = 136, .box_w = 9, .box_h = 19, .ofs_x = 0, .ofs_y = 0},
    {.bitmap_index = 6730, .adv_w = 218, .box_w = 13, .box_h = 18, .ofs_x = 0, .ofs_y = -5},
    {.bitmap_index = 6847, .adv_w = 213, .box_w = 11, .box_h = 18, .ofs_x = 1, .ofs_y = 0},
    {.bitmap_index = 6946, .adv_w = 98, .box_w = 4, .box_h = 17, .ofs_x = 1, .ofs_y = 0},
    {.bitmap_index = 6980, .adv_w = 96, .box_w = 6, .box_h = 22, .ofs_x = -1, .ofs_y = -5},
    {.bitmap_index = 7046, .adv_w = 200, .box_w = 12, .box_h = 18, .ofs_x = 1, .ofs_y = 0},
    {.bitmap_index = 7154, .adv_w = 98, .box_w = 4, .box_h = 18, .ofs_x = 1, .ofs_y = 0},
    {.bitmap_index = 7190, .adv_w = 334, .box_w = 19, .box_h = 13, .ofs_x = 1, .ofs_y = 0},
    {.bitmap_index = 7314, .adv_w = 214, .box_w = 11, .box_h = 13, .ofs_x = 1, .ofs_y = 0},
    {.bitmap_index = 7386, .adv_w = 219, .box_w = 13, .box_h = 13, .ofs_x = 0, .ofs_y = 0},
    {.bitmap_index = 7471, .adv_w = 216, .box_w = 12, .box_h = 18, .ofs_x = 1, .ofs_y = -5},
    {.bitmap_index = 7579, .adv_w = 218, .box_w = 13, .box_h = 18, .ofs_x = 0, .ofs_y = -5},
    {.bitmap_index = 7696, .adv_w = 135, .box_w = 8, .box_h = 14, .ofs_x = 1, .ofs_y = 0},
    {.bitmap_index = 7752, .adv_w = 198, .box_w = 12, .box_h = 13, .ofs_x = 0, .ofs_y = 0},
    {.bitmap_index = 7830, .adv_w = 128, .box_w = 8, .box_h = 16, .ofs_x = 0, .ofs_y = 0},
    {.bitmap_index = 7894, .adv_w = 213, .box_w = 11, .box_h = 13, .ofs_x = 1, .ofs_y = 0},
    {.bitmap_index = 7966, .adv_w = 190, .box_w = 12, .box_h = 13, .ofs_x = 0, .ofs_y = 0},
    {.bitmap_index = 8044, .adv_w = 285, .box_w = 18, .box_h = 13, .ofs_x = 0, .ofs_y = 0},
    {.bitmap_index = 8161, .adv_w = 193, .box_w = 12, .box_h = 13, .ofs_x = 0, .ofs_y = 0},
    {.bitmap_index = 8239, .adv_w = 187, .box_w = 12, .box_h = 18, .ofs_x = 0, .ofs_y = -5},
    {.bitmap_index = 8347, .adv_w = 193, .box_w = 12, .box_h = 13, .ofs_x = 0, .ofs_y = 0},
    {.bitmap_index = 8425, .adv_w = 129, .box_w = 8, .box_h = 24, .ofs_x = 0, .ofs_y = -5},
    {.bitmap_index = 8521, .adv_w = 96, .box_w = 2, .box_h = 21, .ofs_x = 2, .ofs_y = -4},
    {.bitmap_index = 8542, .adv_w = 129, .box_w = 8, .box_h = 24, .ofs_x = 0, .ofs_y = -5},
    {.bitmap_index = 8638, .adv_w = 255, .box_w = 14, .box_h = 5, .ofs_x = 1, .ofs_y = 5},
    {.bitmap_index = 8673, .adv_w = 96, .box_w = 0, .box_h = 0, .ofs_x = 0, .ofs_y = 0},
    {.bitmap_index = 8673, .adv_w = 301, .box_w = 17, .box_h = 19, .ofs_x = 1, .ofs_y = -1},
    {.bitmap_index = 8835, .adv_w = 301, .box_w = 17, .box_h = 19, .ofs_x = 1, .ofs_y = -1},
    {.bitmap_index = 8997, .adv_w = 146, .box_w = 7, .box_h = 6, .ofs_x = 1, .ofs_y = 11},
    {.bitmap_index = 9018, .adv_w = 206, .box_w = 11, .box_h = 15, .ofs_x = 1, .ofs_y = 0},
    {.bitmap_index = 9101, .adv_w = 205, .box_w = 12, .box_h = 12, .ofs_x = 0, .ofs_y = 2},
    {.bitmap_index = 9173, .adv_w = 219, .box_w = 13, .box_h = 13, .ofs_x = 0, .ofs_y = 2},
    {.bitmap_index = 9258, .adv_w = 217, .box_w = 12, .box_h = 21, .ofs_x = 1, .ofs_y = 0},
    {.bitmap_index = 9384, .adv_w = 256, .box_w = 16, .box_h = 17, .ofs_x = 0, .ofs_y = 0},
    {.bitmap_index = 9520, .adv_w = 242, .box_w = 14, .box_h = 17, .ofs_x = 1, .ofs_y = 0},
    {.bitmap_index = 9639, .adv_w = 242, .box_w = 13, .box_h = 17, .ofs_x = 1, .ofs_y = 0},
    {.bitmap_index = 9750, .adv_w = 214, .box_w = 12, .box_h = 17, .ofs_x = 1, .ofs_y = 0},
    {.bitmap_index = 9852, .adv_w = 289, .box_w = 18, .box_h = 22, .ofs_x = 0, .ofs_y = -5},
    {.bitmap_index = 10050, .adv_w = 217, .box_w = 12, .box_h = 17, .ofs_x = 1, .ofs_y = 0},
    {.bitmap_index = 10152, .adv_w = 366, .box_w = 23, .box_h = 17, .ofs_x = 0, .ofs_y = 0},
    {.bitmap_index = 10348, .adv_w = 232, .box_w = 14, .box_h = 17, .ofs_x = 0, .ofs_y = 0},
    {.bitmap_index = 10467, .adv_w = 272, .box_w = 15, .box_h = 17, .ofs_x = 1, .ofs_y = 0},
    {.bitmap_index = 10595, .adv_w = 272, .box_w = 15, .box_h = 22, .ofs_x = 1, .ofs_y = 0},
    {.bitmap_index = 10760, .adv_w = 248, .box_w = 15, .box_h = 17, .ofs_x = 1, .ofs_y = 0},
    {.bitmap_index = 10888, .adv_w = 272, .box_w = 16, .box_h = 17, .ofs_x = 0, .ofs_y = 0},
    {.bitmap_index = 11024, .adv_w = 336, .box_w = 19, .box_h = 17, .ofs_x = 1, .ofs_y = 0},
    {.bitmap_index = 11186, .adv_w = 273, .box_w = 15, .box_h = 17, .ofs_x = 1, .ofs_y = 0},
    {.bitmap_index = 11314, .adv_w = 265, .box_w = 15, .box_h = 17, .ofs_x = 1, .ofs_y = 0},
    {.bitmap_index = 11442, .adv_w = 273, .box_w = 15, .box_h = 17, .ofs_x = 1, .ofs_y = 0},
    {.bitmap_index = 11570, .adv_w = 245, .box_w = 14, .box_h = 17, .ofs_x = 1, .ofs_y = 0},
    {.bitmap_index = 11689, .adv_w = 251, .box_w = 14, .box_h = 17, .ofs_x = 1, .ofs_y = 0},
    {.bitmap_index = 11808, .adv_w = 233, .box_w = 15, .box_h = 17, .ofs_x = 0, .ofs_y = 0},
    {.bitmap_index = 11936, .adv_w = 242, .box_w = 15, .box_h = 17, .ofs_x = 0, .ofs_y = 0},
    {.bitmap_index = 12064, .adv_w = 306, .box_w = 19, .box_h = 19, .ofs_x = 0, .ofs_y = -1},
    {.bitmap_index = 12245, .adv_w = 243, .box_w = 15, .box_h = 17, .ofs_x = 0, .ofs_y = 0},
    {.bitmap_index = 12373, .adv_w = 287, .box_w = 17, .box_h = 22, .ofs_x = 1, .ofs_y = -5},
    {.bitmap_index = 12560, .adv_w = 266, .box_w = 14, .box_h = 17, .ofs_x = 1, .ofs_y = 0},
    {.bitmap_index = 12679, .adv_w = 365, .box_w = 21, .box_h = 17, .ofs_x = 1, .ofs_y = 0},
    {.bitmap_index = 12858, .adv_w = 383, .box_w = 23, .box_h = 22, .ofs_x = 1, .ofs_y = -5},
    {.bitmap_index = 13111, .adv_w = 293, .box_w = 18, .box_h = 17, .ofs_x = 0, .ofs_y = 0},
    {.bitmap_index = 13264, .adv_w = 335, .box_w = 19, .box_h = 17, .ofs_x = 1, .ofs_y = 0},
    {.bitmap_index = 13426, .adv_w = 241, .box_w = 14, .box_h = 17, .ofs_x = 1, .ofs_y = 0},
    {.bitmap_index = 13545, .adv_w = 255, .box_w = 14, .box_h = 17, .ofs_x = 1, .ofs_y = 0},
    {.bitmap_index = 13664, .adv_w = 352, .box_w = 21, .box_h = 17, .ofs_x = 1, .ofs_y = 0},
    {.bitmap_index = 13843, .adv_w = 238, .box_w = 14, .box_h = 17, .ofs_x = 0, .ofs_y = 0},
    {.bitmap_index = 13962, .adv_w = 217, .box_w = 13, .box_h = 13, .ofs_x = 1, .ofs_y = 0},
    {.bitmap_index = 14047, .adv_w = 215, .box_w = 12, .box_h = 19, .ofs_x = 1, .ofs_y = 0},
    {.bitmap_index = 14161, .adv_w = 219, .box_w = 12, .box_h = 13, .ofs_x = 1, .ofs_y = 0},
    {.bitmap_index = 14239, .adv_w = 161, .box_w = 9, .box_h = 13, .ofs_x = 1, .ofs_y = 0},
    {.bitmap_index = 14298, .adv_w = 238, .box_w = 15, .box_h = 17, .ofs_x = 0, .ofs_y = -4},
    {.bitmap_index = 14426, .adv_w = 206, .box_w = 13, .box_h = 13, .ofs_x = 0, .ofs_y = 0},
    {.bitmap_index = 14511, .adv_w = 310, .box_w = 20, .box_h = 13, .ofs_x = 0, .ofs_y = 0},
    {.bitmap_index = 14641, .adv_w = 196, .box_w = 12, .box_h = 13, .ofs_x = 0, .ofs_y = 0},
    {.bitmap_index = 14719, .adv_w = 221, .box_w = 12, .box_h = 13, .ofs_x = 1, .ofs_y = 0},
    {.bitmap_index = 14797, .adv_w = 221, .box_w = 12, .box_h = 17, .ofs_x = 1, .ofs_y = 0},
    {.bitmap_index = 14899, .adv_w = 213, .box_w = 13, .box_h = 13, .ofs_x = 1, .ofs_y = 0},
    {.bitmap_index = 14984, .adv_w = 221, .box_w = 13, .box_h = 13, .ofs_x = 0, .ofs_y = 0},
    {.bitmap_index = 15069, .adv_w = 289, .box_w = 16, .box_h = 13, .ofs_x = 1, .ofs_y = 0},
    {.bitmap_index = 15173, .adv_w = 220, .box_w = 12, .box_h = 13, .ofs_x = 1, .ofs_y = 0},
    {.bitmap_index = 15251, .adv_w = 219, .box_w = 13, .box_h = 13, .ofs_x = 0, .ofs_y = 0},
    {.bitmap_index = 15336, .adv_w = 221, .box_w = 12, .box_h = 13, .ofs_x = 1, .ofs_y = 0},
    {.bitmap_index = 15414, .adv_w = 216, .box_w = 12, .box_h = 18, .ofs_x = 1, .ofs_y = -5},
    {.bitmap_index = 15522, .adv_w = 201, .box_w = 12, .box_h = 13, .ofs_x = 0, .ofs_y = 0},
    {.bitmap_index = 15600, .adv_w = 190, .box_w = 12, .box_h = 13, .ofs_x = 0, .ofs_y = 0},
    {.bitmap_index = 15678, .adv_w = 187, .box_w = 12, .box_h = 18, .ofs_x = 0, .ofs_y = -5},
    {.bitmap_index = 15786, .adv_w = 280, .box_w = 17, .box_h = 24, .ofs_x = 0, .ofs_y = -5},
    {.bitmap_index = 15990, .adv_w = 193, .box_w = 12, .box_h = 13, .ofs_x = 0, .ofs_y = 0},
    {.bitmap_index = 16068, .adv_w = 232, .box_w = 13, .box_h = 17, .ofs_x = 1, .ofs_y = -4},
    {.bitmap_index = 16179, .adv_w = 211, .box_w = 11, .box_h = 13, .ofs_x = 1, .ofs_y = 0},
    {.bitmap_index = 16251, .adv_w = 315, .box_w = 18, .box_h = 13, .ofs_x = 1, .ofs_y = 0},
    {.bitmap_index = 16368, .adv_w = 332, .box_w = 20, .box_h = 17, .ofs_x = 1, .ofs_y = -4},
    {.bitmap_index = 16538, .adv_w = 244, .box_w = 15, .box_h = 13, .ofs_x = 0, .ofs_y = 0},
    {.bitmap_index = 16636, .adv_w = 309, .box_w = 17, .box_h = 13, .ofs_x = 1, .ofs_y = 0},
    {.bitmap_index = 16747, .adv_w = 212, .box_w = 12, .box_h = 13, .ofs_x = 1, .ofs_y = 0},
    {.bitmap_index = 16825, .adv_w = 203, .box_w = 12, .box_h = 13, .ofs_x = 0, .ofs_y = 0},
    {.bitmap_index = 16903, .adv_w = 313, .box_w = 18, .box_h = 13, .ofs_x = 1, .ofs_y = 0},
    {.bitmap_index = 17020, .adv_w = 213, .box_w = 12, .box_h = 13, .ofs_x = 0, .ofs_y = 0},
    {.bitmap_index = 17098, .adv_w = 206, .box_w = 13, .box_h = 17, .ofs_x = 0, .ofs_y = 0},
    {.bitmap_index = 17209, .adv_w = 218, .box_w = 12, .box_h = 17, .ofs_x = 1, .ofs_y = 0},
    {.bitmap_index = 17311, .adv_w = 263, .box_w = 16, .box_h = 17, .ofs_x = 0, .ofs_y = 0},
    {.bitmap_index = 17447, .adv_w = 215, .box_w = 11, .box_h = 14, .ofs_x = 1, .ofs_y = 1},
    {.bitmap_index = 17524, .adv_w = 195, .box_w = 11, .box_h = 14, .ofs_x = 0, .ofs_y = 0},
    {.bitmap_index = 17601, .adv_w = 200, .box_w = 11, .box_h = 14, .ofs_x = 1, .ofs_y = 0}
};

/*---------------------
 *  CHARACTER MAPPING
 *--------------------*/

static const uint16_t unicode_list_1[] = {
    0x0, 0x9, 0xe, 0x10, 0x11, 0x37, 0x57, 0x361
};

static const uint16_t unicode_list_3[] = {
    0x0, 0x1c5b, 0x1c6c, 0x1e0f, 0x1e13, 0x1e14
};

/*Collect the unicode lists and glyph_id offsets*/
static const lv_font_fmt_txt_cmap_t cmaps[] =
{
    {
        .range_start = 32, .range_length = 95, .glyph_id_start = 1,
        .unicode_list = NULL, .glyph_id_ofs_list = NULL, .list_length = 0, .type = LV_FONT_FMT_TXT_CMAP_FORMAT0_TINY
    },
    {
        .range_start = 160, .range_length = 866, .glyph_id_start = 96,
        .unicode_list = unicode_list_1, .glyph_id_ofs_list = NULL, .list_length = 8, .type = LV_FONT_FMT_TXT_CMAP_SPARSE_TINY
    },
    {
        .range_start = 1040, .range_length = 64, .glyph_id_start = 104,
        .unicode_list = NULL, .glyph_id_ofs_list = NULL, .list_length = 0, .type = LV_FONT_FMT_TXT_CMAP_FORMAT0_TINY
    },
    {
        .range_start = 1105, .range_length = 7701, .glyph_id_start = 168,
        .unicode_list = unicode_list_3, .glyph_id_ofs_list = NULL, .list_length = 6, .type = LV_FONT_FMT_TXT_CMAP_SPARSE_TINY
    }
};

/*-----------------
 *    KERNING
 *----------------*/


/*Map glyph_ids to kern left classes*/
static const uint8_t kern_left_class_mapping[] =
{
    0, 1, 0, 2, 0, 0, 0, 0,
    2, 3, 0, 0, 0, 4, 0, 4,
    5, 0, 0, 0, 0, 0, 0, 0,
    0, 0, 0, 0, 0, 0, 0, 0,
    0, 0, 6, 7, 8, 9, 10, 11,
    0, 12, 12, 13, 14, 15, 12, 12,
    9, 16, 17, 18, 0, 19, 13, 20,
    21, 22, 23, 24, 25, 0, 0, 0,
    0, 0, 26, 27, 28, 0, 29, 30,
    0, 31, 0, 0, 32, 0, 31, 31,
    33, 27, 0, 34, 0, 35, 0, 36,
    37, 38, 36, 39, 40, 0, 0, 0,
    0, 0, 0, 0, 0, 0, 0, 10,
    6, 41, 7, 42, 43, 10, 22, 44,
    12, 0, 14, 12, 12, 12, 9, 0,
    16, 8, 19, 45, 0, 22, 12, 12,
    12, 46, 47, 12, 48, 49, 50, 51,
    26, 52, 53, 54, 55, 29, 38, 28,
    0, 0, 56, 0, 0, 0, 33, 0,
    27, 28, 57, 36, 27, 38, 58, 0,
    0, 59, 60, 0, 61, 27, 62, 0,
    29, 0, 0, 0, 0, 0
};

/*Map glyph_ids to kern right classes*/
static const uint8_t kern_right_class_mapping[] =
{
    0, 1, 0, 2, 0, 0, 0, 3,
    2, 0, 4, 5, 0, 6, 7, 6,
    8, 0, 0, 0, 0, 0, 0, 0,
    9, 0, 0, 0, 0, 0, 0, 0,
    10, 0, 11, 0, 12, 0, 0, 0,
    12, 0, 0, 13, 0, 0, 0, 0,
    12, 0, 12, 0, 14, 15, 16, 17,
    18, 19, 20, 21, 0, 0, 22, 0,
    0, 0, 23, 0, 24, 24, 24, 25,
    24, 0, 0, 0, 0, 0, 26, 26,
    27, 26, 24, 28, 29, 30, 31, 32,
    33, 34, 32, 35, 0, 0, 36, 0,
    0, 0, 0, 0, 0, 0, 0, 0,
    11, 0, 0, 0, 37, 0, 19, 0,
    0, 0, 0, 38, 0, 0, 12, 0,
    0, 12, 15, 39, 0, 19, 0, 40,
    0, 0, 0, 0, 41, 42, 0, 0,
    23, 43, 44, 26, 45, 24, 34, 46,
    26, 26, 26, 47, 26, 26, 27, 26,
    26, 24, 48, 32, 24, 34, 26, 49,
    26, 26, 50, 51, 52, 53, 26, 54,
    24, 0, 0, 0, 0, 0
};

/*Kern values between classes*/
static const int8_t kern_class_values[] =
{
    0, 0, 0, 0, 0, 0, 0, 0,
    0, 0, 0, 0, 0, 0, -11, 0,
    0, 0, 0, 0, 0, 0, 0, 0,
    0, 0, 0, 0, 0, 0, 0, 0,
    0, 0, 0, 0, 0, 0, 0, 0,
    0, 0, 0, 0, 0, 0, 0, 0,
    0, 0, 0, 0, 0, 0, 0, -7,
    0, 0, 0, 0, 0, 0, 0, 0,
    -22, 0, 0, 0, 0, 0, 0, 0,
    0, 0, 0, 0, -9, -11, 0, -4,
    -17, 0, -17, 0, 0, 0, 2, 0,
    0, 0, 0, 0, 0, 0, 0, 0,
    0, 0, 0, 0, 0, 0, 0, 0,
    0, -4, 0, 0, 0, 0, 0, 0,
    0, 0, 0, 0, 0, 0, 0, 0,
    0, 0, 0, 0, 4, 7, 0, 4,
    0, 0, 0, 0, 0, 0, 0, 0,
    0, 0, 0, 0, 0, 0, 0, 0,
    0, 0, 0, 0, 0, 0, 0, 0,
    0, 0, 0, 0, 0, 0, 0, 0,
    0, 0, 0, -53, 0, 0, 0, 0,
    0, 0, 0, 0, 0, 0, 0, 0,
    0, 0, 0, 0, 0, 0, 0, 0,
    0, 0, 0, 0, 0, 0, 0, 0,
    0, 0, 0, 0, 0, 0, 0, 0,
    0, 0, 0, 0, 0, 0, 0, 0,
    0, 0, 0, 0, 0, 0, 0, 0,
    0, 0, 0, 0, 0, 0, 0, -46,
    0, 0, 0, 0, 0, 0, 0, 0,
    0, 0, 0, 0, 0, 0, 0, 0,
    0, 0, 0, 0, 0, 0, 0, 0,
    0, 0, 0, 0, 0, 0, 0, 0,
    0, 0, 0, 0, 0, 0, 0, 0,
    0, 0, 0, 0, 0, 0, 0, -22,
    0, 0, 0, 0, 0, 0, 0, -15,
    0, -4, 0, 0, -22, -3, -14, -7,
    0, -28, 0, 0, 0, 0, 0, -9,
    -2, 0, 0, -3, -2, -9, -6, 0,
    2, 0, 4, 3, 0, -10, -11, 0,
    0, 0, 0, 0, 3, -10, -6, 0,
    0, -9, 0, 0, 0, 0, 0, 0,
    0, 0, 0, 0, 0, 0, 0, 0,
    0, 0, -5, 0, -4, 0, 0, -10,
    0, 0, 0, 0, 0, 0, 0, 0,
    0, 0, 0, 0, 0, 0, 0, 0,
    0, 0, -2, 0, 0, 0, 0, 0,
    0, 0, 0, 0, 0, 0, 0, 0,
    0, 0, 0, 0, 0, -5, 0, 0,
    0, 0, 0, 0, 0, 0, 0, 0,
    -5, 0, 0, 0, 0, 0, 0, -2,
    0, 0, 0, 0, 0, 0, 0, 0,
    0, 0, 0, 0, 0, -3, 0, 0,
    0, 0, 0, 0, 0, 0, 0, 0,
    0, 0, 0, 0, 0, 0, 0, 0,
    0, 0, 0, 0, 0, -23, 0, 0,
    0, 0, -4, 0, 0, 0, -16, 0,
    -4, 0, -4, -8, -4, 0, 0, 0,
    0, 0, 0, 0, 0, 0, 0, 0,
    0, 0, 0, 0, -6, -6, 0, 0,
    -6, 0, 0, 0, 0, 0, 0, 0,
    0, 0, 0, 0, 0, 0, 0, 0,
    0, 0, 0, 0, 0, 0, 0, 0,
    0, 0, 0, 0, 4, 0, 0, 0,
    0, 0, 0, 0, 0, -4, -3, 0,
    -4, 0, 0, 0, -3, -5, -4, 0,
    0, 0, 0, 0, 0, 0, 0, 0,
    0, 0, 0, 0, 0, 0, 0, 0,
    0, 0, 0, 0, 0, 0, 0, 0,
    0, -51, 0, 0, 0, 0, -36, 0,
    -39, 0, 4, 0, 0, 0, 0, 0,
    0, 0, -6, -4, 0, 0, -4, -5,
    0, 0, -4, -4, 0, 0, 0, 0,
    0, 0, 0, 0, 0, 0, 0, 0,
    0, 0, 0, 0, 0, 0, 0, 0,
    0, 0, 0, 0, 0, 0, 0, 0,
    0, 0, 0, 0, 3, 0, 0, 0,
    -5, 0, 0, 0, 3, -5, 0, 0,
    0, 0, 0, 0, 0, 0, 0, 0,
    0, 0, 0, 0, 0, 0, 4, 3,
    0, -5, 0, 0, 0, 0, 4, 0,
    3, 0, -5, 0, 0, 0, 0, 0,
    0, 0, 0, 0, 0, 0, 0, 0,
    0, 0, -4, 0, 0, 0, 0, 0,
    0, 0, 0, 0, 0, 0, 0, 0,
    0, 0, 0, 0, 0, 0, 0, 0,
    0, 0, 0, 0, 0, 0, 0, 0,
    0, 0, 0, 0, 0, 0, 0, 0,
    0, 0, 0, 0, 0, 0, 0, 0,
    0, 0, 0, 0, -31, 0, 0, 0,
    0, -6, 0, 0, 0, 0, 0, 0,
    0, 0, 0, 0, 0, -5, 0, 0,
    -5, 0, 0, 0, -4, -7, -12, 0,
    0, 0, 0, 0, 0, 0, 0, 0,
    -8, 0, 0, 0, 0, -13, -17, 0,
    0, -4, 0, 0, 0, -54, 0, 0,
    0, 0, 0, 0, 0, 0, 4, -12,
    0, 0, -38, -4, -39, -17, 0, -52,
    0, 0, 0, 0, 0, 0, 0, 0,
    0, 0, -3, -23, -10, 0, 0, 0,
    0, 0, 0, 0, 0, 0, 0, 0,
    0, 0, 0, 0, 0, 0, 0, 0,
    0, 0, 0, 0, 0, 0, 0, -76,
    0, 0, 0, 0, -33, 0, -34, 0,
    0, 0, 0, 0, -10, 0, -7, 0,
    -2, -2, 0, 0, -2, 0, 0, 3,
    0, 3, 0, 0, 0, 0, -45, -27,
    0, 0, 0, 0, 0, 0, -33, 0,
    -17, 0, 0, 0, 0, 0, 0, 0,
    0, 0, 0, 0, 0, 0, 0, 0,
    0, 0, 0, 0, 0, 0, -6, 0,
    -5, -4, 0, -7, 0, 0, 0, 0,
    0, 0, 0, 0, 0, 0, 0, 0,
    0, 0, 0, 0, 0, 0, 0, 0,
    0, 0, 0, 0, 0, 0, 0, 0,
    0, 0, 0, 0, 0, 0, 0, 0,
    0, 0, 0, 0, 0, 0, 0, 0,
    0, 0, 0, 0, -9, 0, -4, 0,
    0, -9, 0, 0, 0, 0, 0, 0,
    0, 0, 0, 0, 0, 0, 0, 0,
    0, 0, 0, 0, 0, 0, 0, 0,
    0, 0, 0, 0, 0, 0, 0, 0,
    0, 0, 0, 0, -11, 0, 0, 0,
    0, -48, -51, 0, 0, 0, -22, -5,
    -40, -3, 3, 0, 3, 3, 0, 3,
    0, 0, -31, -17, 0, -17, -39, -12,
    -14, 0, -12, -15, -9, -14, -11, 0,
    -15, -10, 0, 0, 3, 0, -5, -18,
    -26, -24, -24, -15, -25, 0, -25, -15,
    -24, -25, 0, 0, 0, 4, 0, -40,
    -29, 0, 0, 0, -14, -2, 0, 0,
    0, 0, 0, 0, 0, 0, 0, 3,
    -9, -8, 0, 0, -9, -6, 0, 0,
    -5, -2, 0, 0, 0, 4, 0, 0,
    0, 0, 0, 0, 0, 0, 0, 0,
    0, 0, 0, 0, 0, 0, 0, 0,
    0, 0, 0, 3, 0, -27, -11, 0,
    0, 0, -8, 0, 0, 0, 3, 0,
    0, 0, 0, 0, 0, 2, -6, -6,
    0, 0, -6, -4, 0, 0, -4, 0,
    0, 0, 0, 3, 0, 0, 0, 0,
    0, 0, 0, 0, 0, 0, 0, 0,
    0, 0, 0, 0, 0, 0, 0, 0,
    0, 0, 0, 0, -29, 0, 0, 0,
    0, -5, 0, 0, 0, 0, 3, 0,
    0, 0, 0, 0, 0, -5, 0, 0,
    -4, 0, 0, 0, -4, -6, 0, 0,
    0, 0, 3, 3, 0, 0, 0, 0,
    -4, 0, 0, 0, 3, -8, -9, 0,
    0, 0, 0, 0, 0, 0, -6, 4,
    -9, -43, -28, 0, 0, 0, -28, -5,
    -18, -3, 3, -18, 3, 3, 2, 3,
    0, 3, -12, -12, -4, -7, -12, -7,
    -11, -4, -7, -4, 0, -4, -6, 4,
    0, 0, 0, 0, 0, 0, 0, 0,
    0, 0, 0, 0, 0, 0, 0, -7,
    0, 0, 0, 0, 0, 0, 0, 0,
    0, 0, 0, 0, 2, -5, 0, 0,
    0, 0, 0, 0, 0, 0, 0, 0,
    0, -4, 0, 0, -4, 0, 0, 0,
    -4, -5, -5, 0, 0, 0, 0, 0,
    0, 0, 0, 0, 0, 0, 0, 0,
    0, 0, 0, 0, 0, 0, 0, 0,
    0, 0, 0, 0, 0, 0, 0, 0,
    0, 0, 0, 0, -3, 0, 0, -3,
    0, 0, 0, 0, 0, 0, 0, 0,
    0, 0, 0, 0, 0, 0, 0, 0,
    0, 0, 0, 0, 0, 0, 0, 0,
    0, 0, 0, 0, 0, 0, 0, 0,
    0, 0, 0, 0, 0, 0, 0, -3,
    0, 0, 0, 0, 0, 0, 0, 0,
    0, 0, 0, 0, 0, 0, 0, 0,
    0, 0, 0, 0, 0, 0, 0, 0,
    0, 0, 0, 0, 0, -3, 0, 0,
    0, 0, 0, 0, 0, 0, 0, 0,
    0, 0, 0, 0, 0, -3, 0, 0,
    0, -3, 0, 0, 0, -5, 0, 0,
    0, 0, 0, 0, 0, 0, 0, 0,
    0, 0, 0, 0, 0, 0, 0, 0,
    0, 0, 0, 0, 0, 0, 0, 0,
    0, 0, 0, -2, 0, -3, -3, 0,
    0, 0, 0, 0, 0, 0, 0, 0,
    -3, 0, -3, -8, 0, 0, 0, -4,
    0, 0, 0, -2, 0, 0, 0, 0,
    0, 0, 0, 0, 0, 0, 0, 0,
    0, 0, 0, 0, 0, 0, 0, 0,
    0, 0, 0, 0, 0, 0, 0, 0,
    0, 0, 0, 0, 0, 0, 0, 0,
    0, 0, 0, 0, 0, 0, 0, 0,
    0, 0, 0, 0, 0, 0, 0, 0,
    0, -3, 0, 0, 0, 0, 0, 0,
    0, 0, 0, 0, 0, 0, 0, 0,
    0, 0, 0, 0, 0, 0, 0, 0,
    0, 0, 0, 0, 0, 0, 0, -2,
    0, 0, 0, 0, 0, 0, 0, 0,
    0, 0, 0, 0, 0, 0, 0, -2,
    0, 0, 0, 0, 0, 0, 0, 3,
    0, 4, 0, 0, 0, 0, 0, 0,
    0, 0, 0, 0, 0, 0, 0, 0,
    0, 0, 0, 3, 0, -4, 0, 0,
    0, 0, 0, 0, 0, 0, 0, 0,
    0, 4, 0, 0, 0, 0, 0, 0,
    0, 0, 0, 0, 0, 0, 0, 0,
    0, 0, 0, 0, 0, -15, 0, 0,
    0, 0, 0, 0, 0, 0, 0, 0,
    0, 0, 0, 0, 0, 0, 0, 0,
    0, 0, 0, 0, 0, 0, 0, 0,
    0, 0, 0, 0, 0, 0, 0, 0,
    0, 0, 0, 0, 0, 0, 0, 0,
    0, 0, 0, -8, 0, 0, 0, 0,
    0, 0, 0, 0, 0, 0, 0, 0,
    0, 0, 0, 0, 0, 0, 0, 0,
    0, 0, 0, 0, 0, 0, 0, 0,
    0, -4, 0, 0, 0, 0, 0, 0,
    0, 0, 0, 0, 0, 0, 0, 0,
    0, 0, 0, 0, 0, 0, 0, 0,
    0, 0, 0, 0, 0, 0, 0, 0,
    0, -16, 0, 0, 0, 0, 0, 0,
    0, 0, 0, 0, 0, 0, 0, 0,
    0, 0, 0, 0, 0, 0, 0, 0,
    0, 0, 0, 0, 0, 0, 0, -3,
    0, -4, -3, 0, 0, 0, 0, 0,
    0, 0, 0, 0, -13, 0, -3, -6,
    0, 0, 0, 0, 0, 0, 0, 3,
    0, 0, 0, -32, 0, 0, 0, 0,
    0, 0, 0, 0, 0, 0, 0, 0,
    0, 0, 0, 0, -6, -4, 4, 0,
    -7, 0, 0, 9, 0, 3, 3, 0,
    0, 0, 0, 0, 0, 0, 0, 0,
    0, 0, 0, 0, 0, 0, 0, 0,
    0, 0, 0, 0, 0, 0, 0, 0,
    0, 0, 0, 0, 0, 0, 0, 0,
    0, 0, 0, 0, 0, 0, 0, 0,
    0, 0, 0, 0, 0, 0, -6, 0,
    0, 0, 0, 0, 0, 0, 0, 0,
    0, 0, 0, 0, 0, 0, 0, 0,
    0, 0, 0, 0, 0, 0, 0, 0,
    0, 0, 0, 3, 0, 0, 0, -31,
    0, 0, 0, 0, 0, 0, 0, 0,
    0, 0, 0, 0, 0, 0, 0, 0,
    -3, -2, 2, 0, -3, 0, 0, 0,
    0, 0, 0, 0, 0, 0, 0, 0,
    0, 0, 0, 0, 0, 0, -10, 0,
    -8, 0, 0, 0, 0, 0, 0, 0,
    0, 0, 0, 0, 0, -23, 0, 0,
    0, 0, 0, 0, 0, 0, 0, 0,
    0, 0, 0, 0, 0, 0, 0, 0,
    0, 0, 0, 0, 0, 0, 0, 0,
    0, 0, 0, 0, 0, 0, 0, 0,
    0, 0, 0, 0, 0, 0, 0, 0,
    0, 0, 0, 0, 0, 0, 0, 0,
    0, 0, 0, 0, 0, 0, 0, 0,
    0, 0, 0, 0, 0, 0, 0, 0,
    0, 0, 0, 0, 0, -4, 0, 0,
    -7, 0, 0, 0, 0, 0, 0, 0,
    0, 0, 0, 0, 0, 0, 0, 0,
    0, 0, 0, 0, 0, 0, 0, 0,
    0, 0, 0, 0, 0, 0, 0, 0,
    0, 0, 0, 0, 0, 0, 0, 0,
    0, 0, 0, 0, 0, 0, 0, 0,
    0, 0, 0, -3, 0, 0, -3, 0,
    0, 0, 0, 0, 0, 0, 0, 0,
    0, 0, 0, 0, 0, 0, 0, 0,
    0, 0, 0, 0, 0, 0, 0, 0,
    0, 0, 0, 0, 0, 0, 0, 0,
    0, 0, 0, 0, 0, 0, -4, 0,
    0, -4, 0, 0, 0, 0, 0, 0,
    0, 0, 0, 0, 0, 0, 0, 0,
    0, 0, 0, 0, 0, 0, 0, 0,
    0, 0, 0, 0, 0, 0, 0, 0,
    0, 0, 0, 0, 0, 0, 0, 0,
    0, 0, 0, 0, 0, 0, 0, 0,
    0, 0, 0, 0, 0, 0, -5, 0,
    -5, 0, -3, -5, 0, 0, 0, 0,
    0, -8, 0, 0, 0, 0, 0, 0,
    0, -3, 0, 0, 0, 0, -3, -4,
    -5, 0, 0, 0, 0, 0, 0, -9,
    0, 0, 0, -8, 0, 0, 0, 0,
    0, 0, 0, -86, -90, 0, 0, 0,
    -38, -13, 0, -9, 1, 0, 1, 1,
    0, 1, 0, 0, -30, -32, 0, -32,
    -29, -24, -28, 0, -24, -30, -19, -28,
    -23, 0, -29, -21, 0, 0, 1, 0,
    -13, -34, -48, -44, -45, -28, -46, 0,
    -45, -28, -44, -47, 0, 0, 0, 0,
    0, 0, 0, 0, 0, 0, 3, -4,
    0, 0, -6, 0, -6, 0, 0, -6,
    0, 0, 0, 0, 0, 0, 0, 0,
    0, 0, 0, 0, 0, 0, 0, 0,
    4, 3, 0, -6, -6, 0, 0, 0,
    4, 0, 3, 0, -6, 0, 0, 0,
    0, 0, 0, 0, 0, 0, 0, 0,
    0, 0, -3, 0, 0, 0, 0, 0,
    -3, 0, -2, 0, -2, -3, 0, 0,
    0, 0, 0, 0, 0, 0, 0, 0,
    0, 0, 0, 0, 0, 0, 0, -2,
    -2, 0, -3, 0, 0, 0, 0, 0,
    0, 0, 0, 0, 0, 0, 0, 0,
    0, 0, 0, 0, 0, -74, -37, 0,
    0, 0, -17, -4, 0, 0, 3, 0,
    0, 0, 0, 3, 0, 0, -15, -13,
    0, -15, -13, 0, -9, 0, 0, 0,
    0, 0, 0, 0, -15, -10, 0, 0,
    3, 0, 0, -6, -16, -8, -13, 0,
    -4, 0, -6, -15, 0, -9, 0, 0,
    0, 0, 0, 0, 0, 0, 0, 0,
    3, 0, 0, 0, -5, 0, -5, 0,
    3, -5, 0, 0, 0, 0, 0, 0,
    0, 0, 0, 0, 0, 0, 0, 0,
    0, 0, 4, 3, 2, -5, -5, -2,
    0, 0, 3, 0, 3, -5, -4, 0,
    0, -5, 0, 0, 0, -12, 0, 0,
    0, 0, 0, 0, 0, 0, 0, 0,
    0, 0, -18, 0, -10, 0, 0, -16,
    0, 0, 0, 0, 0, 0, 0, 0,
    0, 0, 0, 0, 0, -10, 0, 0,
    0, 0, -4, -5, -11, 0, 0, 0,
    0, 0, 0, -10, 0, 0, 0, -8,
    0, 0, 0, -12, 0, 0, 0, 0,
    0, 0, 0, 0, 0, 0, 0, 0,
    -18, 0, -10, 0, 0, -16, 0, 0,
    0, 0, 0, 0, 0, 0, 0, 0,
    0, 0, 0, -10, 0, 0, 0, 0,
    -4, -5, -11, 0, 0, 0, 0, 0,
    0, -9, 0, 0, 0, -8, 0, 0,
    0, 0, 0, 0, 0, 0, 0, 0,
    0, 0, 0, 0, 0, 0, -5, 0,
    0, 0, -5, -5, 0, 0, 0, 0,
    0, 0, 0, 0, 0, 0, 0, 0,
    0, 0, 0, 0, -6, -5, -4, 0,
    0, 0, 0, 0, 0, 0, -4, 0,
    0, 0, 0, 0, 0, 0, 0, 0,
    0, 0, 0, 0, 0, 0, 0, 0,
    0, 0, 0, 0, -6, 0, 0, 0,
    -5, 0, 0, 0, 0, 0, 0, 0,
    0, 0, 0, 0, 0, 0, 0, 0,
    0, 0, -6, -5, -4, 0, 0, 0,
    0, 0, -5, 0, -4, 0, 0, 0,
    0, 0, 0, 0, 0, 0, 0, 0,
    0, 0, 0, 0, 0, 0, 0, 0,
    0, 0, -4, 0, 0, 0, 0, -2,
    0, 0, 0, 0, 0, 0, 0, 0,
    0, 0, 0, 0, 0, 0, 0, 0,
    0, 0, 0, 0, 0, 0, 0, 0,
    0, 0, 0, 0, 0, 0, 0, 0,
    0, 0, 0, 0, 0, 0, 0, 0,
    0, 0, 0, 0, 0, 0, 0, 0,
    0, 0, 0, 0, 0, 0, 0, 0,
    0, 0, 0, -3, 0, 0, 0, 0,
    0, 0, 0, -3, 0, 0, 0, 0,
    0, 0, 0, 0, 0, 0, -3, 0,
    0, -3, 0, 0, 0, -3, 0, 0,
    0, -3, 0, 0, 0, 0, 0, 0,
    0, 0, 0, 0, 0, 0, 0, 0,
    0, 0, 0, 0, 0, 0, 0, 0,
    0, 0, 0, 0, 0, 0, 0, -2,
    0, 0, 0, 0, 0, 0, 0, 0,
    0, 0, 0, 0, 0, 0, 0, -2,
    0, 0, 0, -2, 0, 0, 0, 0,
    0, 0, 0, 0, 0, 0, 0, 0,
    0, 0, 0, 0, 0, 0, 0, 0,
    0, 0, 0, 0, 0, -4, 0, 0,
    -4, 0, 0, 0, 0, 0, 0, 0,
    0, 0, 0, 0, 0, 0, 0, 0,
    0, 0, -28, 0, -7, 0, 0, 0,
    0, 0, 0, 0, 0, 0, 0, 0,
    0, 0, 0, 0, 0, 0, 0, 0,
    0, 0, 0, 0, 0, 0, 0, 0,
    0, 0, 0, 0, 0, -3, 0, 0,
    0, 0, 0, 0, 0, 0, 0, 0,
    0, 0, 0, 0, 0, 0, 0, 0,
    4, 0, 0, -4, -4, -9, 0, -3,
    0, 0, 0, 0, 0, 0, 0, 0,
    0, 0, 0, 0, 0, 0, 0, 0,
    0, 0, 0, 0, 0, 0, 0, 0,
    0, -3, 0, 0, -11, 0, 0, 0,
    0, 0, 0, 0, 0, 0, 0, 0,
    0, 0, 0, 0, 0, 0, 0, 0,
    0, 0, 0, 0, 0, 0, 0, 0,
    0, 2, 0, 0, 0, 0, 0, 0,
    0, 0, 0, 0, 0, 0, 0, 0,
    0, 0, 0, 0, 0, 0, -3, -12,
    2, 0, -6, 0, 0, 0, 0, 2,
    0, 0, 0, 0, 0, 0, 0, 0,
    0, 0, 0, 0, -10, 0, -8, 0,
    0, 0, 0, 0, 0, 0, 0, 0,
    0, 0, 0, 0, 0, 0, 0, 0,
    0, 0, 0, 0, 0, 0, 0, 0,
    0, 0, 0, 0, 0, 0, 0, 0,
    0, 0, 0, 0, 0, 0, 0, 0,
    0, 0, 0, 0, 0, 0, 0, 0,
    0, 0, 4, 0, 3, -3, -3, 0,
    0, -3, 0, 4, 0, 0, 0, 0,
    0, 0, 0, 0, 0, 0, 0, 0,
    0, 0, 0, 0, 0, 0, 0, 0,
    0, 0, 0, -3, 0, 0, 0, 0,
    0, 0, 0, 0, 0, 0, 0, 0,
    0, 0, 0, 0, 0, 0, 0, 0,
    3, 0, 3, -5, -5, -13, 0, -5,
    0, 0, 0, -25, 0, 0, 0, 0,
    0, 0, 0, 0, 0, 0, 0, 0,
    0, 0, 0, 0, 0, 0, 0, 0,
    0, 0, 0, 0, 0, 0, 0, 0,
    0, -12, 0, -4, 0, 0, 0, 0,
    0, 0, 0, 0, 0, 0, 0, 0,
    0, -24, -3, 0, 0, -3, 0, 0,
    0, -25, 0, 0, 0, 0, 0, 0,
    0, 0, 0, 0, 0, 0, 0, 0,
    0, 0, 0, 0, 0, 0, 0, 0,
    0, 0, 0, 0, 0, 0, 0, -14,
    0, -4, 0, 0, 0, 0, 0, 0,
    0, 0, 0, 0, 0, 0, 0, -28,
    -5, 0, 0, -11, 0, 0, 0, 0,
    0, 0, 0, 0, 0, 0, 0, 0,
    0, 0, 0, 0, 0, 0, 0, 0,
    0, 0, 0, 0, 0, 0, 0, 0,
    0, 0, 0, 0, 0, -2, 0, -3,
    0, 0, 0, 0, 0, 0, 0, 0,
    0, 0, -3, 0, -2, 0, 0, 0,
    0, -3, 0, 0
};


/*Collect the kern class' data in one place*/
static const lv_font_fmt_txt_kern_classes_t kern_classes =
{
    .class_pair_values   = kern_class_values,
    .left_class_mapping  = kern_left_class_mapping,
    .right_class_mapping = kern_right_class_mapping,
    .left_class_cnt      = 62,
    .right_class_cnt     = 54,
};

/*--------------------
 *  ALL CUSTOM DATA
 *--------------------*/

#if LVGL_VERSION_MAJOR == 8
/*Store all the custom data of the font*/
static  lv_font_fmt_txt_glyph_cache_t cache;
#endif

#if LVGL_VERSION_MAJOR >= 8
static const lv_font_fmt_txt_dsc_t font_dsc = {
#else
static lv_font_fmt_txt_dsc_t font_dsc = {
#endif
    .glyph_bitmap = glyph_bitmap,
    .glyph_dsc = glyph_dsc,
    .cmaps = cmaps,
    .kern_dsc = &kern_classes,
    .kern_scale = 16,
    .cmap_num = 4,
    .bpp = 4,
    .kern_classes = 1,
    .bitmap_format = 0,
#if LVGL_VERSION_MAJOR == 8
    .cache = &cache
#endif

};



/*-----------------
 *  PUBLIC FONT
 *----------------*/

/*Initialize a public general font descriptor*/
#if LVGL_VERSION_MAJOR >= 8
const lv_font_t lv_font_roboto_24 = {
#else
lv_font_t lv_font_roboto_24 = {
#endif
    .get_glyph_dsc = lv_font_get_glyph_dsc_fmt_txt,    /*Function pointer to get glyph's data*/
    .get_glyph_bitmap = lv_font_get_bitmap_fmt_txt,    /*Function pointer to get glyph's bitmap*/
    .line_height = 28,          /*The maximum line height required by the font*/
    .base_line = 6,             /*Baseline measured from the bottom of the line*/
#if !(LVGL_VERSION_MAJOR == 6 && LVGL_VERSION_MINOR == 0)
    .subpx = LV_FONT_SUBPX_NONE,
#endif
#if LV_VERSION_CHECK(7, 4, 0) || LVGL_VERSION_MAJOR >= 8
    .underline_position = -2,
    .underline_thickness = 1,
#endif
    .static_bitmap = 0,
    .dsc = &font_dsc,          /*The custom font data. Will be accessed by `get_glyph_bitmap/dsc` */
#if LV_VERSION_CHECK(8, 2, 0) || LVGL_VERSION_MAJOR >= 9
    .fallback = &lv_font_montserrat_24,
#endif
    .user_data = NULL,
};



#endif /*#if LV_FONT_ROBOTO_24*/
